Date,RSSI
1,-1
2,-35
3,-36
4,-35
5,-35
6,-35
7,-35
8,-36
9,-35
10,-35
11,-35
12,-40
13,-44
14,-39
15,-35
16,-36
17,-35
18,-35
19,-36
20,-35
21,-35
22,-35
23,-35
24,-35
25,-35
26,-35
27,-1
28,-35
29,-36
30,-36
31,-36
32,-36
33,-35
34,-1
35,-35
36,-35
37,-35
38,-35
39,-35
40,-35
41,-36
42,-35
43,-35
44,-36
45,-35
46,-36
47,-36
48,-35
49,-36
50,-35
51,-1
52,-35
53,-36
54,-35
55,-35
56,-35
57,-35
58,-36
59,-36
60,-36
61,-36
62,-36
63,-35
64,-36
65,-35
66,-36
67,-35
68,-36
69,-35
70,-36
71,-36
72,-35
73,-35
74,-36
75,-35
76,-36
77,-35
78,-36
79,-36
80,-35
81,-36
82,-1
83,-36
84,-36
85,-35
86,-36
87,-36
88,-35
89,-36
90,-35
91,-1
92,-36
93,-35
94,-36
95,-36
96,-36
97,-36
98,-36
99,-35
100,-35
101,-36
102,-36
103,-36
104,-36
105,-36
106,-35
107,-36
108,-35
109,-35
110,-36
111,-35
112,-36
113,-36
114,-35
115,-36
116,-35
117,-36
118,-36
119,-36
120,-35
121,-36
122,-36
123,-36
124,-36
125,-35
126,-35
127,-36
128,-35
129,-35
130,-36
131,-36
132,-36
133,-35
134,-35
135,-35
136,-36
137,-35
138,-36
139,-35
140,-35
141,-1
142,-36
143,-36
144,-35
145,-36
146,-36
147,-36
148,-36
149,-35
150,-36
151,-1
152,-36
153,-36
154,-36
155,-36
156,-36
157,-36
158,-36
159,-36
160,-35
161,-36
162,-36
163,-36
164,-36
165,-36
166,-36
167,-35
168,-1
169,-36
170,-35
171,-36
172,-36
173,-36
174,-35
175,-1
176,-35
177,-36
178,-36
179,-35
180,-36
181,-35
182,-35
183,-36
184,-36
185,-36
186,-35
187,-36
188,-36
189,-35
190,-35
191,-1
192,-35
193,-36
194,-35
195,-36
196,-35
197,-35
198,-36
199,-35
200,-36
201,-36
202,-36
203,-35
204,-36
205,-35
206,-36
207,-36
208,-36
209,-36
210,-36
211,-36
212,-36
213,-36
214,-36
215,-36
216,-36
217,-36
218,-36
219,-35
220,-35
221,-36
222,-36
223,-36
224,-35
225,-36
226,-36
227,-35
228,-36
229,-36
230,-36
231,-36
232,-36
233,-36
234,-35
235,-35
236,-35
237,-35
238,-35
239,-36
240,-36
241,-36
242,-36
243,-35
244,-36
245,-36
246,-36
247,-36
248,-36
249,-36
250,-36
251,-36
252,-36
253,-36
254,-36
255,-36
256,-36
257,-36
258,-36
259,-36
260,-36
261,-36
262,-36
263,-35
264,-36
265,-36
266,-36
267,-36
268,-36
269,-36
270,-36
271,-36
272,-36
273,-35
274,-35
275,-36
276,-36
277,-36
278,-35
279,-36
280,-36
281,-36
282,-36
283,-36
284,-36
285,-36
286,-36
287,-36
288,-36
289,-36
290,-36
291,-36
292,-36
293,-36
294,-36
295,-36
296,-36
297,-36
298,-36
299,-36
300,-36
301,-36
302,-36
303,-36
304,-36
305,-36
306,-36
307,-35
308,-36
309,-35
310,-35
311,-36
312,-36
313,-36
314,-36
315,-36
316,-36
317,-35
318,-36
319,-35
320,-35
321,-36
322,-36
323,-36
324,-36
325,-35
326,-35
327,-36
328,-36
329,-36
330,-36
331,-36
332,-35
333,-36
334,-36
335,-36
336,-36
337,-36
338,-36
339,-36
340,-36
341,-36
342,-36
343,-36
344,-36
345,-36
346,-36
347,-35
348,-36
349,-36
350,-36
351,-36
352,-35
353,-36
354,-35
355,-36
356,-36
357,-36
358,-36
359,-36
360,-36
361,-36
362,-36
363,-35
364,-36
365,-36
366,-36
367,-36
368,-36
369,-36
370,-36
371,-36
372,-35
373,-36
374,-36
375,-36
376,-36
377,-36
378,-36
379,-36
380,-36
381,-36
382,-36
383,-36
384,-36
385,-36
386,-1
387,-36
388,-35
389,-36
390,-36
391,-36
392,-36
393,-36
394,-36
395,-35
396,-36
397,-36
398,-36
399,-36
400,-35
401,-36
402,-36
403,-36
404,-36
405,-36
406,-36
407,-36
408,-35
409,-36
410,-35
411,-36
412,-35
413,-36
414,-36
415,-36
416,-36
417,-36
418,-36
419,-36
420,-36
421,-35
422,-36
423,-35
424,-36
425,-36
426,-36
427,-36
428,-36
429,-35
430,-36
431,-36
432,-36
433,-36
434,-36
435,-36
436,-36
437,-36
438,-36
439,-36
440,-36
441,-35
442,-36
443,-36
444,-36
445,-35
446,-35
447,-36
448,-36
449,-36
450,-36
451,-36
452,-36
453,-35
454,-36
455,-35
456,-36
457,-36
458,-36
459,-36
460,-36
461,-36
462,-36
463,-36
464,-36
465,-35
466,-36
467,-36
468,-36
469,-35
470,-36
471,-35
472,-36
473,-35
474,-36
475,-36
476,-36
477,-35
478,-36
479,-36
480,-36
481,-36
482,-35
483,-35
484,-36
485,-36
486,-36
487,-36
488,-35
489,-36
490,-36
491,-36
492,-36
493,-36
494,-36
495,-36
496,-36
497,-35
498,-36
499,-35
500,-35
501,-36
502,-35
503,-36
504,-36
505,-36
506,-36
507,-35
508,-36
509,-36
510,-36
511,-36
512,-36
513,-35
514,-1
515,-35
516,-36
517,-36
518,-36
519,-36
520,-36
521,-36
522,-36
523,-35
524,-36
525,-35
526,-36
527,-36
528,-36
529,-36
530,-1
531,-36
532,-36
533,-36
534,-36
535,-36
536,-35
537,-35
538,-36
539,-36
540,-35
541,-36
542,-35
543,-36
544,-36
545,-36
546,-35
547,-36
548,-36
549,-35
550,-36
551,-36
552,-36
553,-1
554,-36
555,-36
556,-36
557,-36
558,-35
559,-36
560,-36
561,-36
562,-36
563,-36
564,-36
565,-36
566,-36
567,-36
568,-36
569,-36
570,-36
571,-1
572,-35
573,-36
574,-36
575,-36
576,-36
577,-36
578,-36
579,-36
580,-36
581,-36
582,-36
583,-38
584,-35
585,-36
586,-35
587,-36
588,-36
589,-36
590,-36
591,-36
592,-35
593,-35
594,-1
595,-35
596,-36
597,-36
598,-36
599,-36
600,-36
601,-36
602,-36
603,-36
604,-35
605,-36
606,-36
607,-35
608,-36
609,-36
610,-36
611,-36
612,-36
613,-36
614,-36
615,-36
616,-1
617,-36
618,-36
619,-36
620,-36
621,-36
622,-36
623,-36
624,-36
625,-1
626,-36
627,-36
628,-36
629,-36
630,-36
631,-35
632,-36
633,-36
634,-35
635,-35
636,-36
637,-36
638,-1
639,-36
640,-36
641,-36
642,-36
643,-36
644,-36
645,-36
646,-35
647,-36
648,-36
649,-36
650,-36
651,-36
652,-35
653,-36
654,-35
655,-35
656,-36
657,-36
658,-36
659,-36
660,-36
661,-36
662,-36
663,-36
664,-36
665,-36
666,-36
667,-36
668,-36
669,-36
670,-36
671,-36
672,-1
673,-36
674,-36
675,-36
676,-35
677,-36
678,-36
679,-1
680,-36
681,-36
682,-36
683,-36
684,-36
685,-36
686,-36
687,-36
688,-35
689,-1
690,-36
691,-1
692,-35
693,-36
694,-36
695,-36
696,-36
697,-36
698,-36
699,-36
700,-36
701,-35
702,-36
703,-35
704,-36
705,-36
706,-36
707,-1
708,-36
709,-35
710,-36
711,-36
712,-36
713,-36
714,-1
715,-35
716,-1
717,-36
718,-36
719,-36
720,-36
721,-36
722,-1
723,-35
724,-36
725,-36
726,-36
727,-36
728,-36
729,-36
730,-36
731,-35
732,-36
733,-36
734,-36
735,-36
736,-36
737,-36
738,-35
739,-36
740,-36
741,-36
742,-35
743,-36
744,-36
745,-36
746,-36
747,-36
748,-36
749,-36
750,-36
751,-36
752,-36
753,-36
754,-36
755,-36
756,-36
757,-35
758,-36
759,-36
760,-36
761,-36
762,-36
763,-36
764,-36
765,-36
766,-36
767,-36
768,-36
769,-36
770,-36
771,-36
772,-36
773,-36
774,-36
775,-35
776,-35
777,-36
778,-36
779,-36
780,-36
781,-35
782,-36
783,-35
784,-36
785,-36
786,-36
787,-36
788,-36
789,-36
790,-36
791,-35
792,-36
793,-36
794,-36
795,-36
796,-36
797,-36
798,-36
799,-36
800,-36
801,-36
802,-36
803,-36
804,-36
805,-36
806,-36
807,-35
808,-36
809,-36
810,-36
811,-36
812,-36
813,-36
814,-35
815,-36
816,-36
817,-36
818,-36
819,-35
820,-36
821,-36
822,-35
823,-36
824,-36
825,-36
826,-36
827,-36
828,-36
829,-36
830,-36
831,-36
832,-36
833,-36
834,-36
835,-36
836,-36
837,-36
838,-36
839,-36
840,-36
841,-36
842,-36
843,-36
844,-36
845,-36
846,-36
847,-36
848,-36
849,-36
850,-36
851,-36
852,-36
853,-36
854,-36
855,-36
856,-36
857,-36
858,-36
859,-36
860,-36
861,-36
862,-35
863,-36
864,-36
865,-36
866,-36
867,-36
868,-35
869,-36
870,-36
871,-36
872,-36
873,-36
874,-1
875,-36
876,-36
877,-36
878,-36
879,-36
880,-36
881,-36
882,-36
883,-36
884,-35
885,-36
886,-36
887,-36
888,-36
889,-36
890,-1
891,-36
892,-36
893,-36
894,-36
895,-1
896,-36
897,-36
898,-36
899,-36
900,-36
901,-36
902,-36
903,-36
904,-36
905,-36
906,-36
907,-36
908,-36
909,-36
910,-36
911,-36
912,-36
913,-36
914,-36
915,-36
916,-36
917,-36
918,-36
919,-36
920,-36
921,-36
922,-36
923,-36
924,-35
925,-36
926,-36
927,-36
928,-36
929,-36
930,-36
931,-36
932,-36
933,-36
934,-36
935,-36
936,-36
937,-36
938,-36
939,-36
940,-36
941,-36
942,-36
943,-36
944,-36
945,-36
946,-36
947,-36
948,-36
949,-36
950,-36
951,-36
952,-36
953,-36
954,-35
955,-36
956,-36
957,-36
958,-36
959,-36
960,-35
961,-36
962,-36
963,-36
964,-36
965,-36
966,-36
967,-36
968,-36
969,-36
970,-36
971,-35
972,-36
973,-36
974,-36
975,-36
976,-36
977,-36
978,-35
979,-36
980,-36
981,-36
982,-36
983,-36
984,-36
985,-36
986,-36
987,-36
988,-36
989,-36
990,-36
991,-36
992,-36
993,-36
994,-36
995,-36
996,-35
997,-36
998,-36
999,-36
1000,-36
1001,-36
1002,-36
1003,-36
1004,-36
1005,-36
1006,-36
1007,-36
1008,-36
1009,-25
1010,-25
1011,-25
1012,-25
1013,-25
1014,-25
1015,-25
1016,-25
1017,-25
1018,-25
1019,-25
1020,-25
1021,-25
1022,-25
1023,-25
1024,-25
1025,-25
1026,-25
1027,-25
1028,-25
1029,-25
1030,-25
1031,-25
1032,-25
1033,-25
1034,-25
1035,-25
1036,-25
1037,-25
1038,-25
1039,-25
1040,-25
1041,-25
1042,-25
1043,-25
1044,-25
1045,-25
1046,-25
1047,-25
1048,-25
1049,-25
1050,-25
1051,-25
1052,-25
1053,-25
1054,-25
1055,-25
1056,-25
1057,-25
1058,-25
1059,-25
1060,-25
1061,-25
1062,-25
1063,-25
1064,-25
1065,-25
1066,-25
1067,-25
1068,-25
1069,-25
1070,-25
1071,-25
1072,-25
1073,-25
1074,-25
1075,-25
1076,-25
1077,-25
1078,-25
1079,-25
1080,-25
1081,-25
1082,-25
1083,-25
1084,-25
1085,-25
1086,-25
1087,-25
1088,-25
1089,-25
1090,-25
1091,-25
1092,-25
1093,-25
1094,-25
1095,-25
1096,-25
1097,-25
1098,-25
1099,-25
1100,-25
1101,-25
1102,-25
1103,-25
1104,-25
1105,-25
1106,-25
1107,-25
1108,-25
1109,-25
1110,-25
1111,-25
1112,-25
1113,-25
1114,-25
1115,-25
1116,-25
1117,-25
1118,-25
1119,-25
1120,-25
1121,-25
1122,-25
1123,-25
1124,-25
1125,-25
1126,-25
1127,-25
1128,-25
1129,-25
1130,-25
1131,-25
1132,-25
1133,-25
1134,-25
1135,-25
1136,-25
1137,-25
1138,-25
1139,-25
1140,-25
1141,-25
1142,-25
1143,-25
1144,-25
1145,-25
1146,-25
1147,-25
1148,-25
1149,-25
1150,-25
1151,-25
1152,-25
1153,-25
1154,-25
1155,-25
1156,-25
1157,-25
1158,-25
1159,-25
1160,-25
1161,-25
1162,-25
1163,-25
1164,-25
1165,-25
1166,-25
1167,-25
1168,-25
1169,-25
1170,-25
1171,-25
1172,-25
1173,-25
1174,-25
1175,-25
1176,-25
1177,-25
1178,-25
1179,-25
1180,-25
1181,-25
1182,-25
1183,-25
1184,-25
1185,-25
1186,-25
1187,-25
1188,-25
1189,-25
1190,-25
1191,-25
1192,-25
1193,-25
1194,-25
1195,-25
1196,-25
1197,-25
1198,-25
1199,-25
1200,-25
1201,-25
1202,-25
1203,-25
1204,-25
1205,-25
1206,-25
1207,-25
1208,-25
1209,-25
1210,-25
1211,-25
1212,-25
1213,-25
1214,-25
1215,-25
1216,-25
1217,-25
1218,-25
1219,-25
1220,-26
1221,-25
1222,-25
1223,-25
1224,-25
1225,-25
1226,-25
1227,-25
1228,-25
1229,-25
1230,-25
1231,-25
1232,-25
1233,-25
1234,-25
1235,-25
1236,-25
1237,-25
1238,-25
1239,-25
1240,-25
1241,-25
1242,-25
1243,-25
1244,-25
1245,-25
1246,-25
1247,-25
1248,-25
1249,-25
1250,-25
1251,-25
1252,-25
1253,-25
1254,-25
1255,-25
1256,-25
1257,-25
1258,-25
1259,-25
1260,-25
1261,-25
1262,-25
1263,-25
1264,-25
1265,-25
1266,-25
1267,-25
1268,-25
1269,-25
1270,-25
1271,-25
1272,-25
1273,-25
1274,-25
1275,-25
1276,-25
1277,-25
1278,-25
1279,-25
1280,-25
1281,-25
1282,-25
1283,-25
1284,-25
1285,-25
1286,-25
1287,-25
1288,-25
1289,-25
1290,-25
1291,-25
1292,-25
1293,-25
1294,-25
1295,-26
1296,-25
1297,-25
1298,-25
1299,-25
1300,-25
1301,-25
1302,-25
1303,-25
1304,-25
1305,-25
1306,-25
1307,-25
1308,-25
1309,-25
1310,-25
1311,-25
1312,-25
1313,-25
1314,-25
1315,-25
1316,-25
1317,-25
1318,-25
1319,-25
1320,-25
1321,-25
1322,-25
1323,-25
1324,-25
1325,-25
1326,-25
1327,-25
1328,-25
1329,-25
1330,-25
1331,-25
1332,-25
1333,-25
1334,-25
1335,-25
1336,-25
1337,-25
1338,-25
1339,-25
1340,-26
1341,-25
1342,-25
1343,-25
1344,-25
1345,-25
1346,-25
1347,-25
1348,-25
1349,-25
1350,-25
1351,-25
1352,-25
1353,-25
1354,-25
1355,-25
1356,-25
1357,-25
1358,-25
1359,-25
1360,-25
1361,-25
1362,-25
1363,-25
1364,-25
1365,-25
1366,-25
1367,-25
1368,-25
1369,-25
1370,-25
1371,-25
1372,-25
1373,-25
1374,-25
1375,-25
1376,-25
1377,-25
1378,-25
1379,-25
1380,-25
1381,-25
1382,-25
1383,-25
1384,-25
1385,-25
1386,-25
1387,-25
1388,-25
1389,-25
1390,-25
1391,-25
1392,-25
1393,-25
1394,-25
1395,-25
1396,-25
1397,-25
1398,-25
1399,-25
1400,-25
1401,-25
1402,-26
1403,-26
1404,-25
1405,-25
1406,-25
1407,-25
1408,-25
1409,-25
1410,-25
1411,-25
1412,-25
1413,-25
1414,-25
1415,-25
1416,-25
1417,-25
1418,-25
1419,-25
1420,-25
1421,-25
1422,-25
1423,-25
1424,-25
1425,-26
1426,-25
1427,-25
1428,-25
1429,-25
1430,-26
1431,-25
1432,-26
1433,-25
1434,-25
1435,-25
1436,-25
1437,-25
1438,-25
1439,-25
1440,-25
1441,-25
1442,-25
1443,-25
1444,-25
1445,-25
1446,-25
1447,-26
1448,-25
1449,-25
1450,-25
1451,-25
1452,-25
1453,-25
1454,-25
1455,-25
1456,-25
1457,-25
1458,-25
1459,-25
1460,-25
1461,-25
1462,-25
1463,-25
1464,-25
1465,-26
1466,-25
1467,-25
1468,-25
1469,-25
1470,-25
1471,-25
1472,-25
1473,-25
1474,-25
1475,-25
1476,-25
1477,-25
1478,-25
1479,-25
1480,-25
1481,-25
1482,-25
1483,-25
1484,-25
1485,-26
1486,-25
1487,-26
1488,-25
1489,-25
1490,-25
1491,-26
1492,-26
1493,-25
1494,-25
1495,-25
1496,-25
1497,-25
1498,-25
1499,-25
1500,-26
1501,-25
1502,-25
1503,-25
1504,-25
1505,-25
1506,-25
1507,-25
1508,-25
1509,-25
1510,-25
1511,-25
1512,-25
1513,-25
1514,-25
1515,-25
1516,-25
1517,-25
1518,-25
1519,-25
1520,-25
1521,-26
1522,-25
1523,-25
1524,-25
1525,-25
1526,-25
1527,-25
1528,-26
1529,-25
1530,-25
1531,-25
1532,-26
1533,-25
1534,-25
1535,-25
1536,-25
1537,-25
1538,-25
1539,-25
1540,-25
1541,-25
1542,-26
1543,-25
1544,-25
1545,-25
1546,-25
1547,-25
1548,-25
1549,-25
1550,-25
1551,-26
1552,-25
1553,-26
1554,-25
1555,-25
1556,-25
1557,-25
1558,-25
1559,-26
1560,-25
1561,-25
1562,-26
1563,-25
1564,-25
1565,-25
1566,-25
1567,-25
1568,-26
1569,-25
1570,-25
1571,-25
1572,-26
1573,-26
1574,-25
1575,-25
1576,-25
1577,-25
1578,-26
1579,-26
1580,-26
1581,-25
1582,-26
1583,-25
1584,-25
1585,-25
1586,-26
1587,-25
1588,-26
1589,-25
1590,-26
1591,-25
1592,-25
1593,-26
1594,-25
1595,-25
1596,-25
1597,-25
1598,-26
1599,-26
1600,-26
1601,-25
1602,-26
1603,-25
1604,-25
1605,-25
1606,-25
1607,-25
1608,-25
1609,-25
1610,-25
1611,-25
1612,-26
1613,-26
1614,-25
1615,-25
1616,-26
1617,-25
1618,-25
1619,-25
1620,-26
1621,-25
1622,-25
1623,-25
1624,-26
1625,-26
1626,-25
1627,-25
1628,-25
1629,-25
1630,-25
1631,-25
1632,-25
1633,-26
1634,-25
1635,-25
1636,-25
1637,-25
1638,-26
1639,-25
1640,-26
1641,-26
1642,-26
1643,-26
1644,-25
1645,-26
1646,-25
1647,-25
1648,-25
1649,-26
1650,-26
1651,-25
1652,-25
1653,-25
1654,-26
1655,-25
1656,-25
1657,-25
1658,-25
1659,-25
1660,-26
1661,-25
1662,-25
1663,-25
1664,-25
1665,-25
1666,-25
1667,-25
1668,-25
1669,-25
1670,-25
1671,-26
1672,-26
1673,-25
1674,-25
1675,-25
1676,-26
1677,-25
1678,-25
1679,-25
1680,-25
1681,-25
1682,-26
1683,-25
1684,-25
1685,-25
1686,-25
1687,-25
1688,-25
1689,-25
1690,-26
1691,-25
1692,-25
1693,-25
1694,-25
1695,-25
1696,-26
1697,-25
1698,-25
1699,-25
1700,-25
1701,-25
1702,-25
1703,-25
1704,-25
1705,-26
1706,-25
1707,-25
1708,-25
1709,-25
1710,-25
1711,-25
1712,-25
1713,-25
1714,-1
1715,-26
1716,-25
1717,-25
1718,-25
1719,-25
1720,-25
1721,-25
1722,-25
1723,-25
1724,-25
1725,-25
1726,-25
1727,-25
1728,-26
1729,-25
1730,-25
1731,-25
1732,-25
1733,-25
1734,-25
1735,-25
1736,-25
1737,-25
1738,-25
1739,-25
1740,-25
1741,-26
1742,-26
1743,-25
1744,-25
1745,-26
1746,-25
1747,-26
1748,-25
1749,-25
1750,-26
1751,-25
1752,-26
1753,-25
1754,-25
1755,-25
1756,-26
1757,-25
1758,-25
1759,-26
1760,-25
1761,-25
1762,-25
1763,-25
1764,-25
1765,-25
1766,-26
1767,-25
1768,-26
1769,-25
1770,-25
1771,-25
1772,-25
1773,-25
1774,-25
1775,-25
1776,-26
1777,-25
1778,-25
1779,-25
1780,-25
1781,-26
1782,-25
1783,-25
1784,-25
1785,-25
1786,-26
1787,-25
1788,-25
1789,-25
1790,-25
1791,-25
1792,-25
1793,-25
1794,-26
1795,-25
1796,-25
1797,-26
1798,-26
1799,-25
1800,-25
1801,-25
1802,-25
1803,-25
1804,-25
1805,-25
1806,-25
1807,-25
1808,-25
1809,-25
1810,-25
1811,-25
1812,-25
1813,-25
1814,-26
1815,-25
1816,-25
1817,-25
1818,-25
1819,-25
1820,-25
1821,-25
1822,-25
1823,-25
1824,-25
1825,-25
1826,-25
1827,-25
1828,-25
1829,-25
1830,-25
1831,-25
1832,-25
1833,-25
1834,-25
1835,-26
1836,-25
1837,-25
1838,-25
1839,-25
1840,-25
1841,-25
1842,-25
1843,-25
1844,-25
1845,-26
1846,-25
1847,-25
1848,-28
1849,-25
1850,-25
1851,-25
1852,-25
1853,-25
1854,-25
1855,-26
1856,-25
1857,-25
1858,-25
1859,-25
1860,-25
1861,-25
1862,-25
1863,-25
1864,-25
1865,-25
1866,-25
1867,-25
1868,-25
1869,-26
1870,-25
1871,-25
1872,-25
1873,-25
1874,-25
1875,-25
1876,-25
1877,-25
1878,-25
1879,-25
1880,-25
1881,-26
1882,-25
1883,-25
1884,-25
1885,-25
1886,-25
1887,-25
1888,-25
1889,-26
1890,-25
1891,-25
1892,-25
1893,-25
1894,-25
1895,-25
1896,-26
1897,-25
1898,-25
1899,-25
1900,-25
1901,-25
1902,-25
1903,-25
1904,-25
1905,-25
1906,-25
1907,-25
1908,-25
1909,-25
1910,-25
1911,-25
1912,-25
1913,-25
1914,-25
1915,-25
1916,-25
1917,-25
1918,-25
1919,-25
1920,-25
1921,-25
1922,-25
1923,-25
1924,-25
1925,-26
1926,-25
1927,-25
1928,-25
1929,-25
1930,-25
1931,-25
1932,-25
1933,-25
1934,-26
1935,-26
1936,-25
1937,-25
1938,-25
1939,-25
1940,-25
1941,-25
1942,-25
1943,-26
1944,-25
1945,-26
1946,-25
1947,-25
1948,-25
1949,-25
1950,-25
1951,-25
1952,-25
1953,-25
1954,-25
1955,-25
1956,-25
1957,-26
1958,-25
1959,-25
1960,-26
1961,-25
1962,-25
1963,-25
1964,-25
1965,-26
1966,-26
1967,-25
1968,-25
1969,-25
1970,-25
1971,-25
1972,-25
1973,-25
1974,-25
1975,-25
1976,-25
1977,-25
1978,-25
1979,-25
1980,-25
1981,-25
1982,-25
1983,-26
1984,-25
1985,-25
1986,-26
1987,-25
1988,-25
1989,-25
1990,-25
1991,-25
1992,-25
1993,-25
1994,-25
1995,-25
1996,-25
1997,-25
1998,-25
1999,-25
2000,-25
2001,-26
2002,-25
2003,-25
2004,-25
2005,-25
2006,-25
2007,-26
2008,-25
2009,-25
2010,-25
2011,-25
2012,-26
2013,-25
2014,-25
2015,-25
2016,-25
2017,-21
2018,-21
2019,-21
2020,-21
2021,-21
2022,-21
2023,-20
2024,-21
2025,-21
2026,-21
2027,-21
2028,-21
2029,-21
2030,-21
2031,-21
2032,-21
2033,-21
2034,-21
2035,-21
2036,-21
2037,-21
2038,-21
2039,-20
2040,-21
2041,-21
2042,-21
2043,-21
2044,-21
2045,-21
2046,-21
2047,-21
2048,-21
2049,-21
2050,-21
2051,-21
2052,-21
2053,-21
2054,-21
2055,-21
2056,-21
2057,-21
2058,-21
2059,-21
2060,-21
2061,-21
2062,-21
2063,-21
2064,-21
2065,-21
2066,-21
2067,-21
2068,-21
2069,-21
2070,-21
2071,-21
2072,-21
2073,-21
2074,-21
2075,-21
2076,-21
2077,-21
2078,-21
2079,-21
2080,-21
2081,-21
2082,-21
2083,-21
2084,-21
2085,-21
2086,-21
2087,-21
2088,-21
2089,-21
2090,-21
2091,-21
2092,-21
2093,-21
2094,-21
2095,-21
2096,-21
2097,-21
2098,-21
2099,-21
2100,-21
2101,-21
2102,-21
2103,-21
2104,-21
2105,-21
2106,-21
2107,-21
2108,-21
2109,-21
2110,-21
2111,-21
2112,-21
2113,-21
2114,-21
2115,-21
2116,-21
2117,-21
2118,-21
2119,-21
2120,-21
2121,-21
2122,-21
2123,-21
2124,-21
2125,-21
2126,-21
2127,-21
2128,-21
2129,-21
2130,-21
2131,-21
2132,-21
2133,-21
2134,-21
2135,-21
2136,-21
2137,-21
2138,-21
2139,-21
2140,-21
2141,-21
2142,-21
2143,-21
2144,-21
2145,-21
2146,-20
2147,-20
2148,-21
2149,-21
2150,-21
2151,-21
2152,-21
2153,-21
2154,-21
2155,-21
2156,-21
2157,-21
2158,-21
2159,-21
2160,-21
2161,-21
2162,-21
2163,-21
2164,-21
2165,-21
2166,-21
2167,-21
2168,-20
2169,-21
2170,-21
2171,-21
2172,-21
2173,-21
2174,-21
2175,-21
2176,-21
2177,-21
2178,-21
2179,-21
2180,-21
2181,-21
2182,-21
2183,-21
2184,-21
2185,-21
2186,-21
2187,-21
2188,-21
2189,-21
2190,-21
2191,-21
2192,-21
2193,-21
2194,-21
2195,-21
2196,-21
2197,-21
2198,-21
2199,-21
2200,-21
2201,-21
2202,-21
2203,-21
2204,-21
2205,-21
2206,-21
2207,-21
2208,-21
2209,-21
2210,-21
2211,-21
2212,-21
2213,-21
2214,-21
2215,-21
2216,-21
2217,-21
2218,-21
2219,-21
2220,-21
2221,-21
2222,-21
2223,-21
2224,-21
2225,-21
2226,-21
2227,-21
2228,-21
2229,-21
2230,-21
2231,-20
2232,-21
2233,-21
2234,-21
2235,-21
2236,-21
2237,-21
2238,-21
2239,-21
2240,-21
2241,-21
2242,-21
2243,-21
2244,-21
2245,-21
2246,-21
2247,-21
2248,-21
2249,-21
2250,-21
2251,-21
2252,-21
2253,-21
2254,-21
2255,-21
2256,-21
2257,-21
2258,-21
2259,-21
2260,-21
2261,-21
2262,-21
2263,-21
2264,-21
2265,-21
2266,-21
2267,-21
2268,-21
2269,-21
2270,-21
2271,-21
2272,-21
2273,-21
2274,-21
2275,-21
2276,-21
2277,-21
2278,-21
2279,-21
2280,-21
2281,-21
2282,-21
2283,-21
2284,-21
2285,-21
2286,-21
2287,-21
2288,-21
2289,-21
2290,-21
2291,-21
2292,-21
2293,-21
2294,-21
2295,-21
2296,-21
2297,-20
2298,-21
2299,-21
2300,-21
2301,-21
2302,-21
2303,-21
2304,-21
2305,-21
2306,-21
2307,-21
2308,-21
2309,-21
2310,-21
2311,-21
2312,-21
2313,-21
2314,-21
2315,-21
2316,-21
2317,-21
2318,-21
2319,-21
2320,-21
2321,-21
2322,-21
2323,-21
2324,-21
2325,-21
2326,-21
2327,-21
2328,-21
2329,-21
2330,-21
2331,-21
2332,-21
2333,-21
2334,-21
2335,-21
2336,-21
2337,-21
2338,-21
2339,-21
2340,-21
2341,-21
2342,-21
2343,-21
2344,-21
2345,-21
2346,-21
2347,-21
2348,-21
2349,-21
2350,-21
2351,-21
2352,-21
2353,-21
2354,-21
2355,-21
2356,-21
2357,-21
2358,-21
2359,-21
2360,-21
2361,-21
2362,-21
2363,-21
2364,-21
2365,-21
2366,-21
2367,-21
2368,-21
2369,-21
2370,-21
2371,-21
2372,-21
2373,-21
2374,-21
2375,-21
2376,-21
2377,-21
2378,-21
2379,-21
2380,-21
2381,-21
2382,-21
2383,-21
2384,-21
2385,-21
2386,-21
2387,-21
2388,-21
2389,-21
2390,-21
2391,-21
2392,-21
2393,-21
2394,-21
2395,-21
2396,-21
2397,-21
2398,-21
2399,-21
2400,-21
2401,-21
2402,-21
2403,-21
2404,-21
2405,-21
2406,-21
2407,-21
2408,-21
2409,-21
2410,-21
2411,-21
2412,-21
2413,-21
2414,-21
2415,-21
2416,-21
2417,-21
2418,-21
2419,-21
2420,-21
2421,-21
2422,-21
2423,-21
2424,-21
2425,-21
2426,-21
2427,-21
2428,-21
2429,-21
2430,-21
2431,-21
2432,-21
2433,-21
2434,-21
2435,-21
2436,-21
2437,-21
2438,-20
2439,-21
2440,-21
2441,-21
2442,-21
2443,-21
2444,-21
2445,-21
2446,-21
2447,-20
2448,-20
2449,-21
2450,-21
2451,-21
2452,-21
2453,-21
2454,-21
2455,-21
2456,-21
2457,-21
2458,-21
2459,-21
2460,-21
2461,-21
2462,-21
2463,-21
2464,-21
2465,-21
2466,-21
2467,-21
2468,-21
2469,-21
2470,-21
2471,-21
2472,-21
2473,-21
2474,-21
2475,-21
2476,-21
2477,-21
2478,-21
2479,-21
2480,-21
2481,-21
2482,-21
2483,-21
2484,-21
2485,-21
2486,-21
2487,-21
2488,-21
2489,-21
2490,-21
2491,-21
2492,-21
2493,-21
2494,-21
2495,-21
2496,-21
2497,-21
2498,-21
2499,-21
2500,-21
2501,-21
2502,-21
2503,-21
2504,-21
2505,-21
2506,-21
2507,-21
2508,-21
2509,-21
2510,-21
2511,-21
2512,-21
2513,-21
2514,-21
2515,-21
2516,-21
2517,-21
2518,-21
2519,-21
2520,-21
2521,-21
2522,-21
2523,-21
2524,-21
2525,-21
2526,-21
2527,-21
2528,-21
2529,-21
2530,-21
2531,-21
2532,-21
2533,-21
2534,-21
2535,-21
2536,-21
2537,-21
2538,-21
2539,-21
2540,-21
2541,-21
2542,-21
2543,-21
2544,-21
2545,-21
2546,-21
2547,-21
2548,-21
2549,-21
2550,-21
2551,-21
2552,-21
2553,-21
2554,-21
2555,-21
2556,-21
2557,-21
2558,-21
2559,-21
2560,-21
2561,-20
2562,-21
2563,-21
2564,-21
2565,-21
2566,-21
2567,-21
2568,-21
2569,-21
2570,-21
2571,-21
2572,-21
2573,-21
2574,-21
2575,-21
2576,-21
2577,-21
2578,-21
2579,-21
2580,-21
2581,-21
2582,-21
2583,-21
2584,-21
2585,-21
2586,-21
2587,-21
2588,-21
2589,-21
2590,-21
2591,-21
2592,-21
2593,-21
2594,-21
2595,-21
2596,-21
2597,-21
2598,-21
2599,-21
2600,-21
2601,-21
2602,-21
2603,-21
2604,-21
2605,-21
2606,-21
2607,-21
2608,-21
2609,-21
2610,-21
2611,-21
2612,-21
2613,-21
2614,-21
2615,-21
2616,-21
2617,-21
2618,-21
2619,-21
2620,-21
2621,-21
2622,-21
2623,-21
2624,-21
2625,-21
2626,-21
2627,-21
2628,-21
2629,-21
2630,-21
2631,-21
2632,-21
2633,-21
2634,-21
2635,-21
2636,-21
2637,-21
2638,-21
2639,-21
2640,-21
2641,-21
2642,-21
2643,-21
2644,-21
2645,-21
2646,-21
2647,-21
2648,-21
2649,-21
2650,-21
2651,-21
2652,-21
2653,-21
2654,-21
2655,-21
2656,-21
2657,-21
2658,-21
2659,-21
2660,-21
2661,-21
2662,-21
2663,-21
2664,-21
2665,-21
2666,-21
2667,-20
2668,-21
2669,-21
2670,-21
2671,-21
2672,-21
2673,-21
2674,-21
2675,-21
2676,-21
2677,-21
2678,-20
2679,-21
2680,-21
2681,-21
2682,-21
2683,-21
2684,-21
2685,-21
2686,-21
2687,-21
2688,-21
2689,-21
2690,-21
2691,-21
2692,-21
2693,-21
2694,-21
2695,-21
2696,-21
2697,-21
2698,-21
2699,-21
2700,-21
2701,-21
2702,-21
2703,-21
2704,-21
2705,-21
2706,-21
2707,-21
2708,-21
2709,-21
2710,-21
2711,-21
2712,-21
2713,-21
2714,-21
2715,-21
2716,-21
2717,-21
2718,-21
2719,-21
2720,-21
2721,-21
2722,-21
2723,-21
2724,-21
2725,-21
2726,-21
2727,-21
2728,-21
2729,-21
2730,-21
2731,-21
2732,-21
2733,-21
2734,-21
2735,-21
2736,-21
2737,-21
2738,-21
2739,-21
2740,-21
2741,-21
2742,-21
2743,-21
2744,-21
2745,-21
2746,-21
2747,-21
2748,-21
2749,-21
2750,-21
2751,-21
2752,-21
2753,-21
2754,-21
2755,-21
2756,-21
2757,-21
2758,-21
2759,-21
2760,-21
2761,-21
2762,-21
2763,-21
2764,-21
2765,-21
2766,-21
2767,-21
2768,-21
2769,-21
2770,-21
2771,-21
2772,-21
2773,-21
2774,-21
2775,-20
2776,-21
2777,-21
2778,-21
2779,-21
2780,-21
2781,-21
2782,-21
2783,-21
2784,-21
2785,-20
2786,-21
2787,-21
2788,-21
2789,-21
2790,-21
2791,-21
2792,-21
2793,-21
2794,-20
2795,-21
2796,-21
2797,-21
2798,-21
2799,-21
2800,-21
2801,-21
2802,-21
2803,-21
2804,-21
2805,-21
2806,-21
2807,-21
2808,-21
2809,-21
2810,-21
2811,-20
2812,-21
2813,-21
2814,-21
2815,-21
2816,-21
2817,-21
2818,-21
2819,-21
2820,-21
2821,-21
2822,-21
2823,-21
2824,-21
2825,-21
2826,-21
2827,-21
2828,-21
2829,-21
2830,-21
2831,-21
2832,-20
2833,-21
2834,-21
2835,-21
2836,-21
2837,-21
2838,-21
2839,-21
2840,-21
2841,-21
2842,-21
2843,-21
2844,-21
2845,-21
2846,-21
2847,-21
2848,-21
2849,-21
2850,-21
2851,-21
2852,-21
2853,-21
2854,-21
2855,-21
2856,-21
2857,-21
2858,-21
2859,-21
2860,-21
2861,-21
2862,-21
2863,-21
2864,-21
2865,-21
2866,-21
2867,-21
2868,-21
2869,-21
2870,-21
2871,-21
2872,-21
2873,-21
2874,-21
2875,-20
2876,-21
2877,-21
2878,-21
2879,-21
2880,-21
2881,-21
2882,-20
2883,-21
2884,-21
2885,-21
2886,-21
2887,-21
2888,-21
2889,-21
2890,-21
2891,-21
2892,-21
2893,-21
2894,-21
2895,-21
2896,-21
2897,-21
2898,-21
2899,-21
2900,-21
2901,-21
2902,-21
2903,-21
2904,-21
2905,-21
2906,-21
2907,-21
2908,-21
2909,-21
2910,-21
2911,-21
2912,-21
2913,-21
2914,-21
2915,-21
2916,-21
2917,-21
2918,-21
2919,-21
2920,-21
2921,-21
2922,-21
2923,-21
2924,-21
2925,-21
2926,-21
2927,-21
2928,-21
2929,-21
2930,-21
2931,-21
2932,-21
2933,-20
2934,-21
2935,-21
2936,-21
2937,-21
2938,-21
2939,-21
2940,-21
2941,-21
2942,-20
2943,-21
2944,-21
2945,-21
2946,-21
2947,-21
2948,-21
2949,-21
2950,-21
2951,-21
2952,-21
2953,-21
2954,-21
2955,-21
2956,-21
2957,-21
2958,-21
2959,-21
2960,-21
2961,-21
2962,-21
2963,-21
2964,-21
2965,-21
2966,-21
2967,-21
2968,-21
2969,-21
2970,-21
2971,-21
2972,-21
2973,-21
2974,-21
2975,-21
2976,-21
2977,-21
2978,-21
2979,-21
2980,-21
2981,-21
2982,-21
2983,-21
2984,-21
2985,-21
2986,-21
2987,-21
2988,-21
2989,-21
2990,-21
2991,-21
2992,-21
2993,-21
2994,-21
2995,-21
2996,-21
2997,-21
2998,-21
2999,-21
3000,-21
3001,-21
3002,-21
3003,-21
3004,-21
3005,-21
3006,-21
3007,-21
3008,-21
3009,-21
3010,-21
3011,-21
3012,-21
3013,-21
3014,-21
3015,-21
3016,-21
3017,-21
3018,-21
3019,-21
3020,-21
3021,-21
3022,-21
3023,-21
3024,-21
3025,-17
3026,-17
3027,-17
3028,-17
3029,-17
3030,-17
3031,-17
3032,-17
3033,-17
3034,-17
3035,-17
3036,-17
3037,-17
3038,-17
3039,-17
3040,-17
3041,-17
3042,-17
3043,-17
3044,-17
3045,-17
3046,-17
3047,-17
3048,-17
3049,-17
3050,-17
3051,-17
3052,-17
3053,-17
3054,-17
3055,-17
3056,-17
3057,-17
3058,-17
3059,-17
3060,-17
3061,-17
3062,-17
3063,-17
3064,-17
3065,-17
3066,-17
3067,-17
3068,-17
3069,-17
3070,-17
3071,-17
3072,-17
3073,-17
3074,-17
3075,-17
3076,-17
3077,-17
3078,-17
3079,-17
3080,-17
3081,-17
3082,-17
3083,-17
3084,-17
3085,-17
3086,-17
3087,-17
3088,-17
3089,-17
3090,-17
3091,-17
3092,-17
3093,-17
3094,-17
3095,-17
3096,-17
3097,-17
3098,-17
3099,-17
3100,-17
3101,-17
3102,-17
3103,-17
3104,-17
3105,-17
3106,-17
3107,-17
3108,-17
3109,-17
3110,-17
3111,-17
3112,-17
3113,-17
3114,-17
3115,-17
3116,-17
3117,-17
3118,-17
3119,-17
3120,-17
3121,-17
3122,-17
3123,-17
3124,-17
3125,-17
3126,-17
3127,-17
3128,-17
3129,-17
3130,-17
3131,-17
3132,-18
3133,-17
3134,-17
3135,-17
3136,-17
3137,-17
3138,-17
3139,-17
3140,-17
3141,-17
3142,-17
3143,-17
3144,-17
3145,-17
3146,-17
3147,-17
3148,-17
3149,-17
3150,-17
3151,-17
3152,-17
3153,-17
3154,-17
3155,-17
3156,-17
3157,-17
3158,-17
3159,-17
3160,-17
3161,-17
3162,-17
3163,-17
3164,-17
3165,-17
3166,-17
3167,-17
3168,-17
3169,-1
3170,-17
3171,-17
3172,-17
3173,-17
3174,-17
3175,-17
3176,-17
3177,-17
3178,-17
3179,-17
3180,-17
3181,-17
3182,-17
3183,-17
3184,-17
3185,-17
3186,-17
3187,-17
3188,-17
3189,-17
3190,-17
3191,-17
3192,-17
3193,-17
3194,-17
3195,-17
3196,-17
3197,-17
3198,-17
3199,-17
3200,-17
3201,-17
3202,-17
3203,-17
3204,-17
3205,-17
3206,-17
3207,-17
3208,-17
3209,-17
3210,-17
3211,-17
3212,-17
3213,-17
3214,-17
3215,-17
3216,-17
3217,-17
3218,-17
3219,-17
3220,-17
3221,-17
3222,-17
3223,-17
3224,-17
3225,-17
3226,-17
3227,-17
3228,-17
3229,-17
3230,-17
3231,-17
3232,-17
3233,-17
3234,-17
3235,-17
3236,-17
3237,-17
3238,-17
3239,-18
3240,-17
3241,-17
3242,-17
3243,-17
3244,-17
3245,-17
3246,-17
3247,-17
3248,-17
3249,-17
3250,-17
3251,-17
3252,-17
3253,-17
3254,-17
3255,-17
3256,-17
3257,-17
3258,-17
3259,-17
3260,-17
3261,-17
3262,-17
3263,-17
3264,-17
3265,-17
3266,-17
3267,-17
3268,-17
3269,-17
3270,-17
3271,-17
3272,-17
3273,-17
3274,-17
3275,-17
3276,-17
3277,-17
3278,-17
3279,-17
3280,-17
3281,-17
3282,-17
3283,-17
3284,-17
3285,-17
3286,-17
3287,-17
3288,-17
3289,-17
3290,-17
3291,-17
3292,-17
3293,-17
3294,-17
3295,-17
3296,-17
3297,-17
3298,-17
3299,-17
3300,-17
3301,-17
3302,-17
3303,-17
3304,-17
3305,-17
3306,-17
3307,-17
3308,-17
3309,-17
3310,-17
3311,-17
3312,-17
3313,-17
3314,-17
3315,-17
3316,-17
3317,-17
3318,-17
3319,-17
3320,-17
3321,-17
3322,-17
3323,-17
3324,-17
3325,-17
3326,-17
3327,-17
3328,-17
3329,-17
3330,-17
3331,-17
3332,-17
3333,-17
3334,-18
3335,-17
3336,-17
3337,-17
3338,-17
3339,-17
3340,-17
3341,-17
3342,-17
3343,-17
3344,-17
3345,-17
3346,-17
3347,-17
3348,-17
3349,-17
3350,-17
3351,-17
3352,-17
3353,-17
3354,-17
3355,-17
3356,-17
3357,-17
3358,-17
3359,-17
3360,-17
3361,-17
3362,-17
3363,-17
3364,-17
3365,-17
3366,-17
3367,-17
3368,-17
3369,-17
3370,-17
3371,-17
3372,-17
3373,-17
3374,-17
3375,-17
3376,-17
3377,-17
3378,-17
3379,-17
3380,-17
3381,-17
3382,-17
3383,-17
3384,-17
3385,-17
3386,-17
3387,-17
3388,-17
3389,-17
3390,-17
3391,-17
3392,-17
3393,-17
3394,-17
3395,-17
3396,-17
3397,-17
3398,-17
3399,-17
3400,-17
3401,-17
3402,-17
3403,-17
3404,-17
3405,-17
3406,-17
3407,-17
3408,-17
3409,-17
3410,-17
3411,-17
3412,-17
3413,-17
3414,-17
3415,-17
3416,-17
3417,-17
3418,-17
3419,-17
3420,-17
3421,-17
3422,-17
3423,-17
3424,-17
3425,-17
3426,-17
3427,-17
3428,-17
3429,-17
3430,-17
3431,-17
3432,-17
3433,-17
3434,-17
3435,-17
3436,-17
3437,-17
3438,-17
3439,-17
3440,-17
3441,-17
3442,-17
3443,-17
3444,-17
3445,-17
3446,-17
3447,-17
3448,-17
3449,-17
3450,-17
3451,-17
3452,-17
3453,-17
3454,-17
3455,-17
3456,-17
3457,-17
3458,-17
3459,-17
3460,-17
3461,-17
3462,-17
3463,-17
3464,-17
3465,-17
3466,-17
3467,-17
3468,-17
3469,-17
3470,-17
3471,-17
3472,-17
3473,-17
3474,-17
3475,-17
3476,-17
3477,-17
3478,-17
3479,-17
3480,-17
3481,-17
3482,-17
3483,-17
3484,-17
3485,-17
3486,-17
3487,-17
3488,-17
3489,-17
3490,-17
3491,-17
3492,-17
3493,-17
3494,-17
3495,-17
3496,-17
3497,-17
3498,-17
3499,-17
3500,-17
3501,-17
3502,-17
3503,-17
3504,-17
3505,-17
3506,-17
3507,-17
3508,-17
3509,-17
3510,-17
3511,-17
3512,-17
3513,-17
3514,-17
3515,-17
3516,-17
3517,-17
3518,-17
3519,-17
3520,-17
3521,-17
3522,-17
3523,-17
3524,-17
3525,-17
3526,-17
3527,-17
3528,-17
3529,-17
3530,-17
3531,-17
3532,-17
3533,-17
3534,-17
3535,-17
3536,-17
3537,-17
3538,-17
3539,-17
3540,-17
3541,-17
3542,-17
3543,-17
3544,-17
3545,-17
3546,-17
3547,-17
3548,-17
3549,-17
3550,-17
3551,-17
3552,-17
3553,-17
3554,-17
3555,-17
3556,-17
3557,-17
3558,-17
3559,-17
3560,-17
3561,-17
3562,-17
3563,-17
3564,-17
3565,-17
3566,-17
3567,-17
3568,-17
3569,-17
3570,-17
3571,-17
3572,-17
3573,-17
3574,-17
3575,-17
3576,-17
3577,-17
3578,-17
3579,-17
3580,-17
3581,-17
3582,-17
3583,-17
3584,-17
3585,-17
3586,-17
3587,-17
3588,-17
3589,-17
3590,-17
3591,-17
3592,-17
3593,-17
3594,-17
3595,-17
3596,-17
3597,-17
3598,-17
3599,-17
3600,-17
3601,-17
3602,-18
3603,-17
3604,-18
3605,-17
3606,-17
3607,-17
3608,-17
3609,-17
3610,-17
3611,-17
3612,-17
3613,-17
3614,-17
3615,-17
3616,-17
3617,-17
3618,-17
3619,-17
3620,-17
3621,-17
3622,-17
3623,-17
3624,-17
3625,-17
3626,-17
3627,-17
3628,-17
3629,-17
3630,-17
3631,-17
3632,-17
3633,-17
3634,-17
3635,-17
3636,-17
3637,-17
3638,-17
3639,-17
3640,-17
3641,-17
3642,-17
3643,-17
3644,-17
3645,-17
3646,-17
3647,-17
3648,-17
3649,-17
3650,-17
3651,-17
3652,-17
3653,-17
3654,-17
3655,-17
3656,-17
3657,-17
3658,-17
3659,-17
3660,-17
3661,-17
3662,-17
3663,-17
3664,-17
3665,-17
3666,-17
3667,-17
3668,-17
3669,-17
3670,-17
3671,-17
3672,-17
3673,-17
3674,-17
3675,-17
3676,-17
3677,-17
3678,-17
3679,-17
3680,-17
3681,-17
3682,-17
3683,-17
3684,-17
3685,-17
3686,-17
3687,-17
3688,-17
3689,-17
3690,-17
3691,-17
3692,-17
3693,-17
3694,-17
3695,-17
3696,-17
3697,-17
3698,-17
3699,-17
3700,-17
3701,-17
3702,-17
3703,-17
3704,-17
3705,-17
3706,-17
3707,-17
3708,-17
3709,-17
3710,-17
3711,-17
3712,-17
3713,-17
3714,-17
3715,-17
3716,-17
3717,-17
3718,-17
3719,-17
3720,-17
3721,-17
3722,-17
3723,-17
3724,-17
3725,-17
3726,-17
3727,-17
3728,-17
3729,-17
3730,-17
3731,-17
3732,-17
3733,-17
3734,-17
3735,-17
3736,-17
3737,-17
3738,-17
3739,-17
3740,-17
3741,-17
3742,-17
3743,-17
3744,-17
3745,-17
3746,-17
3747,-17
3748,-17
3749,-18
3750,-17
3751,-17
3752,-17
3753,-17
3754,-17
3755,-17
3756,-17
3757,-17
3758,-17
3759,-17
3760,-17
3761,-17
3762,-17
3763,-17
3764,-17
3765,-17
3766,-17
3767,-17
3768,-17
3769,-17
3770,-17
3771,-17
3772,-17
3773,-18
3774,-17
3775,-18
3776,-17
3777,-17
3778,-17
3779,-17
3780,-17
3781,-17
3782,-17
3783,-17
3784,-17
3785,-17
3786,-17
3787,-17
3788,-17
3789,-17
3790,-17
3791,-17
3792,-17
3793,-17
3794,-17
3795,-17
3796,-17
3797,-17
3798,-17
3799,-17
3800,-17
3801,-17
3802,-17
3803,-17
3804,-17
3805,-17
3806,-17
3807,-17
3808,-17
3809,-17
3810,-17
3811,-17
3812,-17
3813,-17
3814,-17
3815,-17
3816,-17
3817,-17
3818,-17
3819,-17
3820,-17
3821,-17
3822,-17
3823,-17
3824,-17
3825,-17
3826,-17
3827,-17
3828,-17
3829,-17
3830,-17
3831,-17
3832,-17
3833,-17
3834,-17
3835,-17
3836,-17
3837,-17
3838,-17
3839,-17
3840,-17
3841,-17
3842,-17
3843,-17
3844,-17
3845,-17
3846,-17
3847,-17
3848,-17
3849,-17
3850,-17
3851,-17
3852,-17
3853,-17
3854,-17
3855,-17
3856,-17
3857,-17
3858,-17
3859,-17
3860,-17
3861,-17
3862,-17
3863,-17
3864,-17
3865,-17
3866,-17
3867,-17
3868,-17
3869,-17
3870,-17
3871,-17
3872,-17
3873,-17
3874,-17
3875,-17
3876,-17
3877,-17
3878,-17
3879,-17
3880,-17
3881,-17
3882,-17
3883,-17
3884,-17
3885,-17
3886,-17
3887,-17
3888,-17
3889,-17
3890,-17
3891,-17
3892,-17
3893,-17
3894,-17
3895,-17
3896,-17
3897,-17
3898,-17
3899,-17
3900,-17
3901,-17
3902,-17
3903,-17
3904,-17
3905,-17
3906,-17
3907,-17
3908,-18
3909,-17
3910,-17
3911,-17
3912,-17
3913,-17
3914,-17
3915,-17
3916,-17
3917,-17
3918,-17
3919,-17
3920,-17
3921,-17
3922,-17
3923,-17
3924,-17
3925,-17
3926,-17
3927,-17
3928,-17
3929,-17
3930,-17
3931,-17
3932,-17
3933,-17
3934,-17
3935,-17
3936,-17
3937,-17
3938,-17
3939,-17
3940,-17
3941,-17
3942,-17
3943,-17
3944,-17
3945,-17
3946,-17
3947,-17
3948,-17
3949,-17
3950,-17
3951,-17
3952,-17
3953,-17
3954,-17
3955,-17
3956,-17
3957,-17
3958,-17
3959,-17
3960,-17
3961,-17
3962,-17
3963,-17
3964,-17
3965,-17
3966,-17
3967,-17
3968,-17
3969,-17
3970,-17
3971,-17
3972,-17
3973,-17
3974,-17
3975,-17
3976,-17
3977,-17
3978,-17
3979,-17
3980,-17
3981,-17
3982,-17
3983,-17
3984,-17
3985,-17
3986,-17
3987,-17
3988,-17
3989,-17
3990,-17
3991,-17
3992,-17
3993,-17
3994,-17
3995,-17
3996,-17
3997,-17
3998,-17
3999,-17
4000,-17
4001,-17
4002,-17
4003,-17
4004,-17
4005,-17
4006,-17
4007,-17
4008,-17
4009,-17
4010,-17
4011,-17
4012,-17
4013,-17
4014,-17
4015,-17
4016,-17
4017,-17
4018,-17
4019,-17
4020,-17
4021,-17
4022,-17
4023,-17
4024,-17
4025,-17
4026,-17
4027,-17
4028,-17
4029,-17
4030,-17
4031,-17
4032,-17
4033,-15
4034,-15
4035,-15
4036,-15
4037,-15
4038,-15
4039,-15
4040,-15
4041,-15
4042,-15
4043,-15
4044,-15
4045,-15
4046,-15
4047,-15
4048,-15
4049,-15
4050,-15
4051,-15
4052,-15
4053,-15
4054,-15
4055,-15
4056,-15
4057,-15
4058,-15
4059,-15
4060,-15
4061,-15
4062,-15
4063,-15
4064,-15
4065,-15
4066,-15
4067,-15
4068,-15
4069,-15
4070,-15
4071,-15
4072,-15
4073,-15
4074,-15
4075,-15
4076,-15
4077,-15
4078,-15
4079,-15
4080,-15
4081,-15
4082,-15
4083,-15
4084,-15
4085,-15
4086,-15
4087,-15
4088,-15
4089,-15
4090,-15
4091,-15
4092,-15
4093,-15
4094,-15
4095,-15
4096,-15
4097,-15
4098,-15
4099,-15
4100,-15
4101,-15
4102,-15
4103,-15
4104,-15
4105,-15
4106,-15
4107,-15
4108,-15
4109,-15
4110,-15
4111,-15
4112,-15
4113,-15
4114,-15
4115,-15
4116,-15
4117,-15
4118,-15
4119,-15
4120,-15
4121,-15
4122,-15
4123,-15
4124,-15
4125,-15
4126,-15
4127,-15
4128,-15
4129,-15
4130,-15
4131,-15
4132,-15
4133,-15
4134,-15
4135,-15
4136,-15
4137,-15
4138,-15
4139,-15
4140,-15
4141,-15
4142,-15
4143,-15
4144,-15
4145,-15
4146,-15
4147,-15
4148,-15
4149,-15
4150,-15
4151,-15
4152,-15
4153,-15
4154,-15
4155,-15
4156,-15
4157,-15
4158,-15
4159,-15
4160,-15
4161,-15
4162,-15
4163,-15
4164,-15
4165,-15
4166,-15
4167,-15
4168,-15
4169,-15
4170,-15
4171,-15
4172,-15
4173,-15
4174,-15
4175,-15
4176,-15
4177,-15
4178,-15
4179,-15
4180,-15
4181,-15
4182,-15
4183,-15
4184,-15
4185,-15
4186,-15
4187,-15
4188,-15
4189,-15
4190,-15
4191,-15
4192,-15
4193,-15
4194,-15
4195,-15
4196,-15
4197,-15
4198,-15
4199,-15
4200,-15
4201,-15
4202,-15
4203,-15
4204,-15
4205,-15
4206,-15
4207,-15
4208,-15
4209,-15
4210,-15
4211,-15
4212,-15
4213,-15
4214,-15
4215,-15
4216,-15
4217,-15
4218,-15
4219,-15
4220,-15
4221,-15
4222,-15
4223,-15
4224,-15
4225,-15
4226,-15
4227,-15
4228,-15
4229,-15
4230,-15
4231,-15
4232,-15
4233,-15
4234,-15
4235,-15
4236,-15
4237,-15
4238,-15
4239,-15
4240,-15
4241,-15
4242,-15
4243,-15
4244,-15
4245,-15
4246,-15
4247,-15
4248,-15
4249,-15
4250,-15
4251,-15
4252,-15
4253,-15
4254,-15
4255,-15
4256,-15
4257,-15
4258,-15
4259,-15
4260,-15
4261,-15
4262,-15
4263,-15
4264,-15
4265,-15
4266,-15
4267,-15
4268,-15
4269,-15
4270,-15
4271,-15
4272,-15
4273,-15
4274,-15
4275,-15
4276,-15
4277,-15
4278,-15
4279,-15
4280,-15
4281,-15
4282,-15
4283,-15
4284,-15
4285,-15
4286,-15
4287,-15
4288,-15
4289,-15
4290,-15
4291,-15
4292,-15
4293,-15
4294,-15
4295,-15
4296,-15
4297,-15
4298,-15
4299,-15
4300,-15
4301,-15
4302,-15
4303,-15
4304,-15
4305,-15
4306,-15
4307,-15
4308,-15
4309,-15
4310,-15
4311,-15
4312,-15
4313,-15
4314,-15
4315,-15
4316,-15
4317,-15
4318,-15
4319,-15
4320,-15
4321,-15
4322,-15
4323,-15
4324,-15
4325,-15
4326,-15
4327,-15
4328,-15
4329,-15
4330,-15
4331,-15
4332,-15
4333,-15
4334,-15
4335,-15
4336,-15
4337,-15
4338,-15
4339,-15
4340,-15
4341,-15
4342,-15
4343,-15
4344,-15
4345,-15
4346,-15
4347,-15
4348,-15
4349,-15
4350,-15
4351,-15
4352,-15
4353,-15
4354,-15
4355,-15
4356,-15
4357,-15
4358,-15
4359,-15
4360,-15
4361,-15
4362,-15
4363,-15
4364,-15
4365,-15
4366,-15
4367,-15
4368,-15
4369,-15
4370,-15
4371,-15
4372,-15
4373,-15
4374,-15
4375,-15
4376,-15
4377,-15
4378,-15
4379,-15
4380,-15
4381,-15
4382,-15
4383,-15
4384,-15
4385,-15
4386,-15
4387,-15
4388,-15
4389,-15
4390,-15
4391,-15
4392,-15
4393,-15
4394,-15
4395,-15
4396,-15
4397,-15
4398,-15
4399,-15
4400,-15
4401,-15
4402,-15
4403,-15
4404,-15
4405,-15
4406,-15
4407,-15
4408,-15
4409,-15
4410,-15
4411,-15
4412,-15
4413,-15
4414,-15
4415,-15
4416,-15
4417,-15
4418,-15
4419,-15
4420,-15
4421,-15
4422,-15
4423,-15
4424,-15
4425,-15
4426,-15
4427,-15
4428,-15
4429,-15
4430,-15
4431,-15
4432,-15
4433,-15
4434,-15
4435,-15
4436,-15
4437,-15
4438,-15
4439,-15
4440,-15
4441,-15
4442,-15
4443,-15
4444,-15
4445,-15
4446,-15
4447,-15
4448,-15
4449,-15
4450,-15
4451,-15
4452,-15
4453,-15
4454,-15
4455,-15
4456,-15
4457,-15
4458,-15
4459,-15
4460,-15
4461,-15
4462,-15
4463,-15
4464,-15
4465,-15
4466,-15
4467,-15
4468,-15
4469,-15
4470,-15
4471,-15
4472,-15
4473,-15
4474,-15
4475,-15
4476,-15
4477,-15
4478,-15
4479,-15
4480,-15
4481,-15
4482,-15
4483,-15
4484,-15
4485,-15
4486,-15
4487,-15
4488,-15
4489,-15
4490,-15
4491,-15
4492,-15
4493,-15
4494,-15
4495,-15
4496,-15
4497,-15
4498,-15
4499,-15
4500,-15
4501,-15
4502,-15
4503,-15
4504,-15
4505,-15
4506,-15
4507,-15
4508,-15
4509,-15
4510,-15
4511,-15
4512,-15
4513,-15
4514,-15
4515,-15
4516,-15
4517,-15
4518,-15
4519,-15
4520,-15
4521,-15
4522,-15
4523,-15
4524,-15
4525,-15
4526,-15
4527,-15
4528,-15
4529,-15
4530,-15
4531,-15
4532,-15
4533,-15
4534,-15
4535,-15
4536,-15
4537,-15
4538,-15
4539,-15
4540,-15
4541,-15
4542,-15
4543,-15
4544,-15
4545,-15
4546,-15
4547,-15
4548,-15
4549,-15
4550,-15
4551,-15
4552,-15
4553,-15
4554,-15
4555,-15
4556,-15
4557,-15
4558,-15
4559,-15
4560,-15
4561,-15
4562,-15
4563,-15
4564,-15
4565,-15
4566,-15
4567,-15
4568,-15
4569,-15
4570,-15
4571,-15
4572,-15
4573,-15
4574,-15
4575,-15
4576,-15
4577,-15
4578,-15
4579,-15
4580,-15
4581,-15
4582,-15
4583,-15
4584,-15
4585,-15
4586,-15
4587,-15
4588,-15
4589,-15
4590,-15
4591,-15
4592,-15
4593,-15
4594,-15
4595,-15
4596,-15
4597,-15
4598,-15
4599,-15
4600,-15
4601,-15
4602,-15
4603,-15
4604,-15
4605,-15
4606,-15
4607,-15
4608,-15
4609,-15
4610,-15
4611,-15
4612,-15
4613,-15
4614,-15
4615,-15
4616,-15
4617,-15
4618,-15
4619,-15
4620,-15
4621,-15
4622,-15
4623,-15
4624,-15
4625,-15
4626,-15
4627,-15
4628,-15
4629,-15
4630,-15
4631,-15
4632,-15
4633,-15
4634,-15
4635,-15
4636,-15
4637,-15
4638,-15
4639,-15
4640,-15
4641,-15
4642,-15
4643,-15
4644,-15
4645,-15
4646,-15
4647,-15
4648,-15
4649,-15
4650,-15
4651,-15
4652,-15
4653,-15
4654,-15
4655,-15
4656,-15
4657,-15
4658,-15
4659,-15
4660,-15
4661,-15
4662,-15
4663,-15
4664,-15
4665,-15
4666,-15
4667,-15
4668,-15
4669,-15
4670,-15
4671,-15
4672,-15
4673,-15
4674,-15
4675,-15
4676,-15
4677,-15
4678,-15
4679,-15
4680,-15
4681,-15
4682,-15
4683,-15
4684,-15
4685,-15
4686,-15
4687,-15
4688,-15
4689,-15
4690,-15
4691,-15
4692,-15
4693,-15
4694,-15
4695,-15
4696,-15
4697,-15
4698,-15
4699,-15
4700,-15
4701,-15
4702,-15
4703,-15
4704,-15
4705,-15
4706,-15
4707,-15
4708,-15
4709,-15
4710,-15
4711,-15
4712,-15
4713,-15
4714,-15
4715,-15
4716,-15
4717,-15
4718,-15
4719,-15
4720,-15
4721,-15
4722,-15
4723,-15
4724,-15
4725,-15
4726,-15
4727,-15
4728,-15
4729,-15
4730,-15
4731,-15
4732,-15
4733,-15
4734,-15
4735,-15
4736,-15
4737,-15
4738,-15
4739,-15
4740,-15
4741,-15
4742,-15
4743,-15
4744,-15
4745,-15
4746,-15
4747,-15
4748,-15
4749,-15
4750,-15
4751,-15
4752,-15
4753,-15
4754,-15
4755,-15
4756,-15
4757,-15
4758,-15
4759,-15
4760,-15
4761,-15
4762,-15
4763,-15
4764,-15
4765,-15
4766,-15
4767,-15
4768,-15
4769,-15
4770,-15
4771,-15
4772,-15
4773,-15
4774,-15
4775,-15
4776,-15
4777,-15
4778,-15
4779,-15
4780,-15
4781,-15
4782,-15
4783,-15
4784,-15
4785,-15
4786,-15
4787,-15
4788,-15
4789,-15
4790,-15
4791,-15
4792,-15
4793,-15
4794,-15
4795,-15
4796,-15
4797,-15
4798,-15
4799,-15
4800,-15
4801,-15
4802,-15
4803,-15
4804,-15
4805,-15
4806,-15
4807,-15
4808,-15
4809,-15
4810,-15
4811,-15
4812,-15
4813,-15
4814,-15
4815,-15
4816,-15
4817,-15
4818,-15
4819,-15
4820,-15
4821,-15
4822,-15
4823,-15
4824,-15
4825,-15
4826,-15
4827,-15
4828,-15
4829,-15
4830,-15
4831,-15
4832,-15
4833,-15
4834,-15
4835,-15
4836,-15
4837,-15
4838,-15
4839,-15
4840,-15
4841,-15
4842,-15
4843,-15
4844,-15
4845,-15
4846,-15
4847,-15
4848,-15
4849,-15
4850,-15
4851,-15
4852,-15
4853,-15
4854,-15
4855,-15
4856,-15
4857,-15
4858,-15
4859,-15
4860,-15
4861,-15
4862,-15
4863,-15
4864,-15
4865,-15
4866,-15
4867,-15
4868,-15
4869,-15
4870,-15
4871,-15
4872,-15
4873,-15
4874,-15
4875,-15
4876,-15
4877,-15
4878,-15
4879,-15
4880,-15
4881,-15
4882,-15
4883,-15
4884,-15
4885,-15
4886,-15
4887,-15
4888,-15
4889,-15
4890,-15
4891,-15
4892,-15
4893,-15
4894,-15
4895,-15
4896,-15
4897,-15
4898,-15
4899,-15
4900,-15
4901,-15
4902,-15
4903,-15
4904,-15
4905,-15
4906,-15
4907,-15
4908,-15
4909,-15
4910,-15
4911,-15
4912,-15
4913,-15
4914,-15
4915,-15
4916,-15
4917,-15
4918,-15
4919,-15
4920,-15
4921,-15
4922,-15
4923,-15
4924,-15
4925,-1
4926,-15
4927,-15
4928,-15
4929,-15
4930,-15
4931,-15
4932,-15
4933,-15
4934,-15
4935,-15
4936,-15
4937,-15
4938,-15
4939,-15
4940,-15
4941,-15
4942,-15
4943,-15
4944,-15
4945,-15
4946,-15
4947,-15
4948,-15
4949,-15
4950,-15
4951,-15
4952,-15
4953,-15
4954,-15
4955,-15
4956,-15
4957,-15
4958,-15
4959,-15
4960,-15
4961,-15
4962,-15
4963,-15
4964,-15
4965,-15
4966,-15
4967,-15
4968,-15
4969,-15
4970,-15
4971,-15
4972,-15
4973,-15
4974,-15
4975,-15
4976,-15
4977,-15
4978,-15
4979,-15
4980,-15
4981,-15
4982,-15
4983,-15
4984,-15
4985,-15
4986,-15
4987,-15
4988,-15
4989,-15
4990,-15
4991,-15
4992,-15
4993,-15
4994,-15
4995,-15
4996,-15
4997,-15
4998,-15
4999,-15
5000,-15
5001,-15
5002,-15
5003,-15
5004,-15
5005,-15
5006,-15
5007,-15
5008,-15
5009,-15
5010,-15
5011,-15
5012,-15
5013,-15
5014,-15
5015,-15
5016,-15
5017,-15
5018,-15
5019,-15
5020,-15
5021,-15
5022,-15
5023,-15
5024,-15
5025,-15
5026,-15
5027,-15
5028,-15
5029,-15
5030,-15
5031,-15
5032,-15
5033,-15
5034,-15
5035,-15
5036,-15
5037,-15
5038,-15
5039,-15
5040,-15
5041,-11
5042,-11
5043,-11
5044,-11
5045,-10
5046,-11
5047,-11
5048,-11
5049,-11
5050,-10
5051,-10
5052,-11
5053,-10
5054,-11
5055,-11
5056,-11
5057,-10
5058,-11
5059,-10
5060,-11
5061,-12
5062,-10
5063,-11
5064,-11
5065,-10
5066,-11
5067,-11
5068,-10
5069,-11
5070,-11
5071,-11
5072,-11
5073,-10
5074,-11
5075,-11
5076,-11
5077,-11
5078,-11
5079,-11
5080,-10
5081,-13
5082,-13
5083,-13
5084,-12
5085,-13
5086,-10
5087,-11
5088,-13
5089,-13
5090,-13
5091,-11
5092,-10
5093,-13
5094,-13
5095,-10
5096,-9
5097,-13
5098,-15
5099,-11
5100,-15
5101,-11
5102,-13
5103,-10
5104,-13
5105,-11
5106,-11
5107,-11
5108,-11
5109,-10
5110,-11
5111,-11
5112,-10
5113,-10
5114,-11
5115,-11
5116,-10
5117,-11
5118,-12
5119,-11
5120,-11
5121,-10
5122,-13
5123,-12
5124,-11
5125,-10
5126,-11
5127,-10
5128,-11
5129,-10
5130,-10
5131,-10
5132,-10
5133,-10
5134,-10
5135,-12
5136,-12
5137,-13
5138,-11
5139,-11
5140,-10
5141,-10
5142,-11
5143,-10
5144,-10
5145,-12
5146,-10
5147,-11
5148,-10
5149,-10
5150,-11
5151,-10
5152,-10
5153,-11
5154,-10
5155,-11
5156,-11
5157,-11
5158,-10
5159,-10
5160,-11
5161,-10
5162,-10
5163,-11
5164,-10
5165,-11
5166,-10
5167,-11
5168,-10
5169,-11
5170,-11
5171,-11
5172,-11
5173,-10
5174,-11
5175,-11
5176,-11
5177,-11
5178,-12
5179,-11
5180,-10
5181,-11
5182,-11
5183,-10
5184,-10
5185,-10
5186,-11
5187,-10
5188,-11
5189,-10
5190,-1
5191,-11
5192,-11
5193,-11
5194,-11
5195,-11
5196,-11
5197,-11
5198,-11
5199,-10
5200,-10
5201,-10
5202,-10
5203,-10
5204,-11
5205,-10
5206,-12
5207,-11
5208,-11
5209,-11
5210,-11
5211,-10
5212,-11
5213,-10
5214,-10
5215,-10
5216,-10
5217,-11
5218,-11
5219,-10
5220,-10
5221,-11
5222,-11
5223,-11
5224,-10
5225,-10
5226,-10
5227,-10
5228,-10
5229,-11
5230,-10
5231,-11
5232,-12
5233,-11
5234,-11
5235,-10
5236,-11
5237,-10
5238,-11
5239,-12
5240,-12
5241,-11
5242,-11
5243,-11
5244,-11
5245,-11
5246,-10
5247,-10
5248,-12
5249,-11
5250,-11
5251,-10
5252,-11
5253,-11
5254,-10
5255,-11
5256,-11
5257,-10
5258,-12
5259,-12
5260,-11
5261,-11
5262,-11
5263,-11
5264,-11
5265,-11
5266,-10
5267,-11
5268,-11
5269,-12
5270,-11
5271,-11
5272,-11
5273,-11
5274,-11
5275,-10
5276,-10
5277,-11
5278,-11
5279,-10
5280,-10
5281,-11
5282,-11
5283,-10
5284,-11
5285,-11
5286,-11
5287,-11
5288,-11
5289,-11
5290,-10
5291,-10
5292,-11
5293,-11
5294,-10
5295,-12
5296,-10
5297,-10
5298,-11
5299,-10
5300,-11
5301,-10
5302,-10
5303,-10
5304,-11
5305,-10
5306,-12
5307,-10
5308,-11
5309,-11
5310,-11
5311,-11
5312,-12
5313,-11
5314,-11
5315,-11
5316,-11
5317,-10
5318,-11
5319,-11
5320,-12
5321,-10
5322,-11
5323,-11
5324,-10
5325,-11
5326,-11
5327,-10
5328,-10
5329,-10
5330,-10
5331,-10
5332,-11
5333,-11
5334,-10
5335,-11
5336,-11
5337,-11
5338,-12
5339,-11
5340,-11
5341,-10
5342,-11
5343,-11
5344,-11
5345,-10
5346,-10
5347,-10
5348,-11
5349,-11
5350,-10
5351,-11
5352,-10
5353,-11
5354,-11
5355,-10
5356,-10
5357,-11
5358,-11
5359,-10
5360,-11
5361,-10
5362,-11
5363,-10
5364,-10
5365,-11
5366,-11
5367,-11
5368,-11
5369,-11
5370,-11
5371,-13
5372,-11
5373,-11
5374,-11
5375,-11
5376,-11
5377,-11
5378,-11
5379,-11
5380,-11
5381,-10
5382,-11
5383,-11
5384,-11
5385,-11
5386,-10
5387,-11
5388,-11
5389,-10
5390,-10
5391,-10
5392,-11
5393,-11
5394,-11
5395,-11
5396,-11
5397,-10
5398,-11
5399,-11
5400,-10
5401,-12
5402,-12
5403,-11
5404,-11
5405,-11
5406,-10
5407,-10
5408,-10
5409,-11
5410,-11
5411,-11
5412,-11
5413,-10
5414,-10
5415,-12
5416,-10
5417,-11
5418,-11
5419,-11
5420,-10
5421,-11
5422,-11
5423,-11
5424,-11
5425,-13
5426,-12
5427,-10
5428,-11
5429,-11
5430,-10
5431,-11
5432,-10
5433,-11
5434,-10
5435,-11
5436,-12
5437,-10
5438,-10
5439,-11
5440,-11
5441,-11
5442,-10
5443,-11
5444,-11
5445,-10
5446,-10
5447,-10
5448,-10
5449,-11
5450,-11
5451,-11
5452,-10
5453,-11
5454,-11
5455,-11
5456,-11
5457,-11
5458,-11
5459,-11
5460,-10
5461,-11
5462,-12
5463,-10
5464,-11
5465,-11
5466,-11
5467,-11
5468,-11
5469,-11
5470,-11
5471,-10
5472,-11
5473,-10
5474,-10
5475,-10
5476,-10
5477,-11
5478,-11
5479,-11
5480,-11
5481,-11
5482,-11
5483,-10
5484,-11
5485,-10
5486,-11
5487,-11
5488,-11
5489,-12
5490,-10
5491,-11
5492,-10
5493,-10
5494,-10
5495,-12
5496,-10
5497,-10
5498,-11
5499,-11
5500,-10
5501,-11
5502,-11
5503,-11
5504,-10
5505,-11
5506,-12
5507,-11
5508,-11
5509,-10
5510,-10
5511,-11
5512,-10
5513,-10
5514,-10
5515,-10
5516,-10
5517,-11
5518,-10
5519,-10
5520,-11
5521,-11
5522,-11
5523,-11
5524,-10
5525,-10
5526,-11
5527,-11
5528,-11
5529,-10
5530,-11
5531,-10
5532,-10
5533,-11
5534,-11
5535,-10
5536,-10
5537,-10
5538,-11
5539,-11
5540,-11
5541,-11
5542,-10
5543,-10
5544,-10
5545,-11
5546,-10
5547,-11
5548,-11
5549,-11
5550,-11
5551,-11
5552,-10
5553,-11
5554,-10
5555,-11
5556,-10
5557,-10
5558,-11
5559,-11
5560,-11
5561,-10
5562,-11
5563,-11
5564,-10
5565,-11
5566,-11
5567,-10
5568,-11
5569,-11
5570,-10
5571,-11
5572,-11
5573,-10
5574,-11
5575,-11
5576,-11
5577,-11
5578,-11
5579,-11
5580,-11
5581,-10
5582,-11
5583,-10
5584,-11
5585,-10
5586,-11
5587,-10
5588,-11
5589,-12
5590,-11
5591,-11
5592,-11
5593,-10
5594,-11
5595,-12
5596,-12
5597,-10
5598,-11
5599,-11
5600,-10
5601,-12
5602,-10
5603,-11
5604,-10
5605,-10
5606,-11
5607,-11
5608,-11
5609,-10
5610,-11
5611,-11
5612,-10
5613,-12
5614,-10
5615,-11
5616,-11
5617,-10
5618,-10
5619,-10
5620,-11
5621,-10
5622,-11
5623,-11
5624,-12
5625,-10
5626,-10
5627,-11
5628,-10
5629,-10
5630,-11
5631,-10
5632,-11
5633,-10
5634,-12
5635,-11
5636,-11
5637,-11
5638,-10
5639,-11
5640,-10
5641,-10
5642,-11
5643,-11
5644,-11
5645,-11
5646,-10
5647,-11
5648,-10
5649,-11
5650,-11
5651,-11
5652,-10
5653,-11
5654,-10
5655,-10
5656,-11
5657,-11
5658,-10
5659,-12
5660,-10
5661,-11
5662,-11
5663,-11
5664,-11
5665,-10
5666,-12
5667,-11
5668,-11
5669,-11
5670,-11
5671,-11
5672,-11
5673,-11
5674,-11
5675,-11
5676,-12
5677,-10
5678,-11
5679,-11
5680,-10
5681,-11
5682,-11
5683,-11
5684,-10
5685,-11
5686,-10
5687,-11
5688,-10
5689,-11
5690,-10
5691,-11
5692,-10
5693,-10
5694,-10
5695,-10
5696,-11
5697,-11
5698,-11
5699,-10
5700,-11
5701,-11
5702,-10
5703,-10
5704,-11
5705,-11
5706,-11
5707,-10
5708,-10
5709,-10
5710,-11
5711,-11
5712,-11
5713,-11
5714,-11
5715,-11
5716,-11
5717,-11
5718,-11
5719,-10
5720,-11
5721,-11
5722,-11
5723,-11
5724,-11
5725,-10
5726,-10
5727,-11
5728,-11
5729,-10
5730,-11
5731,-12
5732,-11
5733,-11
5734,-11
5735,-10
5736,-11
5737,-10
5738,-11
5739,-10
5740,-11
5741,-11
5742,-11
5743,-11
5744,-11
5745,-11
5746,-10
5747,-10
5748,-10
5749,-10
5750,-11
5751,-10
5752,-11
5753,-10
5754,-11
5755,-11
5756,-10
5757,-11
5758,-11
5759,-11
5760,-11
5761,-10
5762,-11
5763,-13
5764,-11
5765,-11
5766,-10
5767,-11
5768,-10
5769,-11
5770,-10
5771,-11
5772,-11
5773,-11
5774,-11
5775,-11
5776,-10
5777,-11
5778,-10
5779,-11
5780,-11
5781,-11
5782,-11
5783,-10
5784,-11
5785,-11
5786,-10
5787,-10
5788,-12
5789,-11
5790,-11
5791,-10
5792,-10
5793,-10
5794,-10
5795,-11
5796,-10
5797,-11
5798,-11
5799,-11
5800,-10
5801,-11
5802,-10
5803,-11
5804,-11
5805,-11
5806,-12
5807,-11
5808,-11
5809,-11
5810,-11
5811,-11
5812,-10
5813,-11
5814,-11
5815,-11
5816,-11
5817,-10
5818,-11
5819,-11
5820,-11
5821,-10
5822,-11
5823,-10
5824,-11
5825,-10
5826,-11
5827,-11
5828,-11
5829,-11
5830,-10
5831,-11
5832,-10
5833,-11
5834,-11
5835,-11
5836,-11
5837,-10
5838,-11
5839,-11
5840,-11
5841,-11
5842,-11
5843,-11
5844,-11
5845,-11
5846,-10
5847,-11
5848,-10
5849,-11
5850,-11
5851,-11
5852,-10
5853,-11
5854,-11
5855,-11
5856,-11
5857,-11
5858,-11
5859,-10
5860,-11
5861,-11
5862,-11
5863,-11
5864,-10
5865,-11
5866,-10
5867,-12
5868,-11
5869,-11
5870,-11
5871,-10
5872,-11
5873,-11
5874,-11
5875,-10
5876,-10
5877,-10
5878,-11
5879,-11
5880,-11
5881,-10
5882,-10
5883,-10
5884,-10
5885,-12
5886,-11
5887,-11
5888,-11
5889,-10
5890,-10
5891,-11
5892,-11
5893,-11
5894,-10
5895,-11
5896,-10
5897,-10
5898,-11
5899,-11
5900,-11
5901,-11
5902,-10
5903,-11
5904,-10
5905,-10
5906,-11
5907,-11
5908,-12
5909,-11
5910,-10
5911,-11
5912,-11
5913,-11
5914,-10
5915,-12
5916,-10
5917,-11
5918,-11
5919,-10
5920,-11
5921,-10
5922,-11
5923,-11
5924,-11
5925,-10
5926,-10
5927,-11
5928,-11
5929,-10
5930,-11
5931,-10
5932,-11
5933,-11
5934,-10
5935,-11
5936,-11
5937,-11
5938,-11
5939,-11
5940,-11
5941,-11
5942,-11
5943,-12
5944,-11
5945,-10
5946,-10
5947,-11
5948,-11
5949,-10
5950,-11
5951,-12
5952,-11
5953,-11
5954,-11
5955,-11
5956,-11
5957,-11
5958,-11
5959,-11
5960,-11
5961,-10
5962,-11
5963,-10
5964,-10
5965,-11
5966,-11
5967,-10
5968,-11
5969,-11
5970,-11
5971,-11
5972,-11
5973,-10
5974,-11
5975,-11
5976,-11
5977,-10
5978,-10
5979,-11
5980,-11
5981,-11
5982,-10
5983,-11
5984,-11
5985,-10
5986,-11
5987,-11
5988,-11
5989,-10
5990,-11
5991,-11
5992,-11
5993,-11
5994,-10
5995,-11
5996,-11
5997,-10
5998,-10
5999,-12
6000,-11
6001,-11
6002,-11
6003,-10
6004,-10
6005,-11
6006,-10
6007,-11
6008,-12
6009,-11
6010,-10
6011,-11
6012,-10
6013,-10
6014,-11
6015,-10
6016,-10
6017,-11
6018,-10
6019,-11
6020,-10
6021,-11
6022,-12
6023,-11
6024,-11
6025,-11
6026,-10
6027,-11
6028,-11
6029,-11
6030,-11
6031,-11
6032,-11
6033,-11
6034,-11
6035,-10
6036,-10
6037,-10
6038,-11
6039,-11
6040,-10
6041,-11
6042,-10
6043,-11
6044,-11
6045,-11
6046,-11
6047,-11
6048,-11
6049,-14
6050,-8
6051,-14
6052,-14
6053,-14
6054,-9
6055,-14
6056,-14
6057,-8
6058,-14
6059,-14
6060,-8
6061,-8
6062,-9
6063,-8
6064,-14
6065,-8
6066,-14
6067,-14
6068,-14
6069,-14
6070,-14
6071,-8
6072,-14
6073,-14
6074,-14
6075,-8
6076,-8
6077,-14
6078,-8
6079,-14
6080,-8
6081,-14
6082,-8
6083,-14
6084,-14
6085,-14
6086,-14
6087,-14
6088,-14
6089,-8
6090,-8
6091,-9
6092,-9
6093,-14
6094,-14
6095,-9
6096,-14
6097,-14
6098,-14
6099,-14
6100,-14
6101,-8
6102,-14
6103,-8
6104,-8
6105,-8
6106,-14
6107,-14
6108,-8
6109,-14
6110,-8
6111,-14
6112,-8
6113,-14
6114,-8
6115,-8
6116,-14
6117,-14
6118,-8
6119,-14
6120,-8
6121,-14
6122,-14
6123,-14
6124,-14
6125,-14
6126,-14
6127,-14
6128,-14
6129,-14
6130,-8
6131,-14
6132,-14
6133,-14
6134,-14
6135,-14
6136,-9
6137,-14
6138,-8
6139,-14
6140,-14
6141,-14
6142,-14
6143,-14
6144,-8
6145,-8
6146,-8
6147,-8
6148,-8
6149,-14
6150,-9
6151,-14
6152,-8
6153,-14
6154,-8
6155,-14
6156,-14
6157,-14
6158,-14
6159,-9
6160,-8
6161,-14
6162,-14
6163,-14
6164,-8
6165,-14
6166,-8
6167,-14
6168,-8
6169,-14
6170,-14
6171,-14
6172,-8
6173,-14
6174,-8
6175,-14
6176,-8
6177,-14
6178,-14
6179,-14
6180,-8
6181,-8
6182,-14
6183,-8
6184,-8
6185,-8
6186,-14
6187,-14
6188,-14
6189,-14
6190,-8
6191,-8
6192,-14
6193,-8
6194,-8
6195,-8
6196,-8
6197,-14
6198,-14
6199,-8
6200,-14
6201,-8
6202,-14
6203,-8
6204,-8
6205,-14
6206,-14
6207,-9
6208,-9
6209,-14
6210,-14
6211,-14
6212,-8
6213,-8
6214,-8
6215,-14
6216,-8
6217,-8
6218,-14
6219,-9
6220,-14
6221,-8
6222,-14
6223,-8
6224,-14
6225,-8
6226,-14
6227,-14
6228,-8
6229,-14
6230,-14
6231,-14
6232,-14
6233,-8
6234,-8
6235,-14
6236,-14
6237,-8
6238,-8
6239,-8
6240,-8
6241,-8
6242,-8
6243,-14
6244,-14
6245,-8
6246,-8
6247,-14
6248,-14
6249,-8
6250,-8
6251,-8
6252,-9
6253,-14
6254,-8
6255,-14
6256,-9
6257,-14
6258,-13
6259,-8
6260,-14
6261,-8
6262,-14
6263,-9
6264,-14
6265,-14
6266,-9
6267,-14
6268,-14
6269,-14
6270,-14
6271,-8
6272,-14
6273,-8
6274,-8
6275,-8
6276,-14
6277,-8
6278,-8
6279,-8
6280,-14
6281,-9
6282,-9
6283,-14
6284,-14
6285,-14
6286,-9
6287,-14
6288,-14
6289,-8
6290,-14
6291,-8
6292,-14
6293,-14
6294,-14
6295,-14
6296,-8
6297,-8
6298,-14
6299,-14
6300,-14
6301,-14
6302,-14
6303,-8
6304,-14
6305,-8
6306,-8
6307,-8
6308,-8
6309,-8
6310,-8
6311,-8
6312,-14
6313,-8
6314,-9
6315,-14
6316,-9
6317,-14
6318,-8
6319,-9
6320,-14
6321,-14
6322,-8
6323,-8
6324,-8
6325,-9
6326,-14
6327,-14
6328,-9
6329,-14
6330,-14
6331,-8
6332,-14
6333,-14
6334,-8
6335,-8
6336,-8
6337,-14
6338,-8
6339,-14
6340,-9
6341,-8
6342,-8
6343,-8
6344,-14
6345,-14
6346,-9
6347,-14
6348,-8
6349,-8
6350,-8
6351,-8
6352,-9
6353,-14
6354,-14
6355,-14
6356,-8
6357,-14
6358,-8
6359,-9
6360,-8
6361,-14
6362,-8
6363,-14
6364,-14
6365,-14
6366,-8
6367,-14
6368,-8
6369,-9
6370,-8
6371,-9
6372,-14
6373,-14
6374,-14
6375,-14
6376,-14
6377,-8
6378,-14
6379,-14
6380,-8
6381,-8
6382,-14
6383,-14
6384,-14
6385,-9
6386,-14
6387,-14
6388,-14
6389,-8
6390,-13
6391,-8
6392,-8
6393,-8
6394,-8
6395,-14
6396,-8
6397,-8
6398,-14
6399,-9
6400,-9
6401,-8
6402,-14
6403,-14
6404,-8
6405,-8
6406,-14
6407,-9
6408,-8
6409,-8
6410,-14
6411,-8
6412,-8
6413,-14
6414,-14
6415,-14
6416,-8
6417,-14
6418,-14
6419,-8
6420,-14
6421,-8
6422,-14
6423,-8
6424,-14
6425,-14
6426,-8
6427,-14
6428,-13
6429,-8
6430,-8
6431,-14
6432,-8
6433,-14
6434,-14
6435,-14
6436,-14
6437,-14
6438,-14
6439,-14
6440,-9
6441,-14
6442,-8
6443,-14
6444,-14
6445,-14
6446,-14
6447,-14
6448,-14
6449,-14
6450,-14
6451,-14
6452,-8
6453,-8
6454,-8
6455,-8
6456,-14
6457,-14
6458,-9
6459,-14
6460,-14
6461,-14
6462,-8
6463,-14
6464,-8
6465,-8
6466,-14
6467,-14
6468,-8
6469,-8
6470,-14
6471,-8
6472,-8
6473,-14
6474,-14
6475,-14
6476,-14
6477,-14
6478,-8
6479,-14
6480,-8
6481,-8
6482,-14
6483,-8
6484,-14
6485,-9
6486,-14
6487,-8
6488,-9
6489,-14
6490,-8
6491,-14
6492,-14
6493,-8
6494,-14
6495,-14
6496,-8
6497,-14
6498,-14
6499,-14
6500,-9
6501,-14
6502,-8
6503,-8
6504,-8
6505,-8
6506,-8
6507,-14
6508,-13
6509,-8
6510,-8
6511,-14
6512,-8
6513,-14
6514,-14
6515,-14
6516,-14
6517,-9
6518,-8
6519,-8
6520,-8
6521,-14
6522,-14
6523,-14
6524,-8
6525,-14
6526,-14
6527,-8
6528,-14
6529,-8
6530,-8
6531,-8
6532,-14
6533,-8
6534,-14
6535,-14
6536,-14
6537,-14
6538,-14
6539,-14
6540,-14
6541,-14
6542,-8
6543,-14
6544,-14
6545,-8
6546,-8
6547,-14
6548,-14
6549,-14
6550,-9
6551,-9
6552,-8
6553,-14
6554,-14
6555,-9
6556,-8
6557,-8
6558,-14
6559,-8
6560,-14
6561,-14
6562,-14
6563,-14
6564,-8
6565,-14
6566,-8
6567,-8
6568,-8
6569,-14
6570,-9
6571,-8
6572,-14
6573,-14
6574,-8
6575,-8
6576,-14
6577,-14
6578,-14
6579,-14
6580,-14
6581,-8
6582,-8
6583,-14
6584,-8
6585,-14
6586,-8
6587,-14
6588,-8
6589,-8
6590,-14
6591,-8
6592,-8
6593,-8
6594,-9
6595,-14
6596,-14
6597,-14
6598,-14
6599,-8
6600,-8
6601,-14
6602,-9
6603,-14
6604,-8
6605,-14
6606,-9
6607,-8
6608,-9
6609,-8
6610,-9
6611,-14
6612,-14
6613,-9
6614,-14
6615,-14
6616,-8
6617,-8
6618,-9
6619,-14
6620,-9
6621,-14
6622,-14
6623,-8
6624,-8
6625,-14
6626,-14
6627,-14
6628,-9
6629,-14
6630,-8
6631,-14
6632,-8
6633,-14
6634,-14
6635,-14
6636,-9
6637,-8
6638,-8
6639,-14
6640,-14
6641,-14
6642,-14
6643,-8
6644,-14
6645,-8
6646,-14
6647,-14
6648,-8
6649,-14
6650,-14
6651,-9
6652,-14
6653,-14
6654,-14
6655,-8
6656,-8
6657,-8
6658,-14
6659,-14
6660,-8
6661,-14
6662,-8
6663,-14
6664,-14
6665,-14
6666,-14
6667,-14
6668,-14
6669,-14
6670,-14
6671,-8
6672,-8
6673,-8
6674,-14
6675,-8
6676,-8
6677,-14
6678,-8
6679,-14
6680,-14
6681,-14
6682,-14
6683,-9
6684,-14
6685,-8
6686,-14
6687,-8
6688,-14
6689,-14
6690,-9
6691,-8
6692,-8
6693,-14
6694,-14
6695,-8
6696,-8
6697,-14
6698,-8
6699,-8
6700,-14
6701,-8
6702,-9
6703,-14
6704,-8
6705,-9
6706,-14
6707,-8
6708,-14
6709,-8
6710,-14
6711,-8
6712,-9
6713,-14
6714,-9
6715,-14
6716,-8
6717,-14
6718,-8
6719,-14
6720,-8
6721,-8
6722,-14
6723,-14
6724,-14
6725,-14
6726,-8
6727,-8
6728,-14
6729,-8
6730,-14
6731,-14
6732,-8
6733,-14
6734,-14
6735,-8
6736,-14
6737,-14
6738,-9
6739,-8
6740,-14
6741,-8
6742,-8
6743,-14
6744,-14
6745,-9
6746,-8
6747,-14
6748,-14
6749,-14
6750,-8
6751,-14
6752,-9
6753,-8
6754,-14
6755,-14
6756,-14
6757,-8
6758,-14
6759,-14
6760,-9
6761,-14
6762,-14
6763,-8
6764,-8
6765,-8
6766,-14
6767,-14
6768,-14
6769,-14
6770,-8
6771,-14
6772,-8
6773,-14
6774,-14
6775,-8
6776,-14
6777,-14
6778,-8
6779,-8
6780,-13
6781,-14
6782,-14
6783,-14
6784,-8
6785,-8
6786,-14
6787,-8
6788,-8
6789,-8
6790,-9
6791,-8
6792,-14
6793,-14
6794,-8
6795,-14
6796,-8
6797,-14
6798,-14
6799,-14
6800,-14
6801,-8
6802,-8
6803,-8
6804,-14
6805,-14
6806,-9
6807,-8
6808,-14
6809,-14
6810,-8
6811,-14
6812,-8
6813,-8
6814,-14
6815,-14
6816,-8
6817,-8
6818,-14
6819,-14
6820,-14
6821,-14
6822,-8
6823,-14
6824,-13
6825,-9
6826,-8
6827,-14
6828,-8
6829,-14
6830,-14
6831,-14
6832,-8
6833,-8
6834,-14
6835,-8
6836,-14
6837,-8
6838,-8
6839,-8
6840,-14
6841,-14
6842,-14
6843,-14
6844,-14
6845,-9
6846,-14
6847,-14
6848,-8
6849,-14
6850,-14
6851,-14
6852,-8
6853,-8
6854,-14
6855,-14
6856,-14
6857,-9
6858,-14
6859,-14
6860,-14
6861,-9
6862,-14
6863,-8
6864,-14
6865,-8
6866,-8
6867,-14
6868,-14
6869,-14
6870,-9
6871,-14
6872,-14
6873,-14
6874,-8
6875,-14
6876,-14
6877,-8
6878,-8
6879,-9
6880,-8
6881,-9
6882,-8
6883,-14
6884,-8
6885,-8
6886,-14
6887,-14
6888,-14
6889,-8
6890,-14
6891,-14
6892,-14
6893,-14
6894,-8
6895,-14
6896,-8
6897,-8
6898,-8
6899,-8
6900,-14
6901,-8
6902,-14
6903,-8
6904,-14
6905,-14
6906,-8
6907,-8
6908,-14
6909,-14
6910,-8
6911,-8
6912,-14
6913,-14
6914,-14
6915,-14
6916,-14
6917,-14
6918,-8
6919,-8
6920,-8
6921,-14
6922,-14
6923,-8
6924,-14
6925,-8
6926,-8
6927,-14
6928,-8
6929,-14
6930,-8
6931,-14
6932,-14
6933,-14
6934,-14
6935,-14
6936,-14
6937,-8
6938,-8
6939,-8
6940,-8
6941,-8
6942,-14
6943,-14
6944,-14
6945,-14
6946,-8
6947,-14
6948,-8
6949,-8
6950,-14
6951,-14
6952,-8
6953,-8
6954,-14
6955,-8
6956,-8
6957,-14
6958,-14
6959,-14
6960,-14
6961,-14
6962,-14
6963,-14
6964,-14
6965,-14
6966,-8
6967,-8
6968,-14
6969,-14
6970,-14
6971,-14
6972,-14
6973,-8
6974,-14
6975,-8
6976,-14
6977,-14
6978,-14
6979,-8
6980,-14
6981,-8
6982,-14
6983,-14
6984,-8
6985,-8
6986,-14
6987,-14
6988,-14
6989,-14
6990,-14
6991,-8
6992,-8
6993,-14
6994,-14
6995,-14
6996,-14
6997,-14
6998,-9
6999,-14
7000,-14
7001,-14
7002,-8
7003,-8
7004,-14
7005,-8
7006,-14
7007,-14
7008,-8
7009,-14
7010,-8
7011,-14
7012,-14
7013,-8
7014,-9
7015,-14
7016,-14
7017,-8
7018,-8
7019,-14
7020,-9
7021,-14
7022,-8
7023,-8
7024,-8
7025,-14
7026,-14
7027,-14
7028,-14
7029,-14
7030,-14
7031,-14
7032,-14
7033,-8
7034,-8
7035,-14
7036,-14
7037,-8
7038,-14
7039,-8
7040,-14
7041,-14
7042,-14
7043,-14
7044,-14
7045,-9
7046,-14
7047,-14
7048,-14
7049,-14
7050,-9
7051,-14
7052,-8
7053,-14
7054,-14
7055,-8
7056,-14
7057,-12
7058,-12
7059,-12
7060,-12
7061,-12
7062,-12
7063,-12
7064,-12
7065,-12
7066,-12
7067,-12
7068,-12
7069,-12
7070,-12
7071,-12
7072,-12
7073,-12
7074,-12
7075,-12
7076,-12
7077,-12
7078,-12
7079,-12
7080,-12
7081,-12
7082,-12
7083,-12
7084,-12
7085,-12
7086,-12
7087,-12
7088,-12
7089,-12
7090,-12
7091,-12
7092,-12
7093,-12
7094,-12
7095,-12
7096,-12
7097,-12
7098,-12
7099,-12
7100,-12
7101,-12
7102,-12
7103,-12
7104,-12
7105,-12
7106,-12
7107,-12
7108,-12
7109,-12
7110,-12
7111,-12
7112,-12
7113,-12
7114,-12
7115,-12
7116,-12
7117,-12
7118,-12
7119,-12
7120,-12
7121,-12
7122,-12
7123,-12
7124,-12
7125,-12
7126,-12
7127,-12
7128,-12
7129,-12
7130,-12
7131,-12
7132,-12
7133,-12
7134,-12
7135,-12
7136,-12
7137,-12
7138,-12
7139,-12
7140,-12
7141,-12
7142,-12
7143,-12
7144,-12
7145,-12
7146,-12
7147,-12
7148,-12
7149,-12
7150,-12
7151,-12
7152,-12
7153,-12
7154,-12
7155,-12
7156,-12
7157,-12
7158,-12
7159,-12
7160,-12
7161,-12
7162,-12
7163,-12
7164,-12
7165,-12
7166,-12
7167,-12
7168,-12
7169,-12
7170,-12
7171,-12
7172,-12
7173,-12
7174,-12
7175,-12
7176,-12
7177,-12
7178,-12
7179,-12
7180,-12
7181,-12
7182,-12
7183,-12
7184,-12
7185,-12
7186,-12
7187,-12
7188,-12
7189,-12
7190,-12
7191,-12
7192,-12
7193,-12
7194,-12
7195,-12
7196,-12
7197,-12
7198,-12
7199,-12
7200,-12
7201,-12
7202,-12
7203,-12
7204,-12
7205,-12
7206,-12
7207,-12
7208,-12
7209,-12
7210,-12
7211,-12
7212,-12
7213,-12
7214,-12
7215,-12
7216,-12
7217,-12
7218,-12
7219,-12
7220,-12
7221,-12
7222,-12
7223,-12
7224,-12
7225,-12
7226,-12
7227,-12
7228,-12
7229,-12
7230,-12
7231,-12
7232,-12
7233,-12
7234,-12
7235,-12
7236,-12
7237,-12
7238,-12
7239,-12
7240,-12
7241,-12
7242,-12
7243,-12
7244,-12
7245,-12
7246,-12
7247,-12
7248,-12
7249,-12
7250,-12
7251,-12
7252,-12
7253,-12
7254,-12
7255,-12
7256,-12
7257,-12
7258,-12
7259,-12
7260,-12
7261,-12
7262,-12
7263,-12
7264,-12
7265,-12
7266,-12
7267,-12
7268,-12
7269,-12
7270,-12
7271,-12
7272,-12
7273,-12
7274,-12
7275,-12
7276,-12
7277,-12
7278,-12
7279,-12
7280,-12
7281,-12
7282,-12
7283,-12
7284,-12
7285,-12
7286,-12
7287,-12
7288,-12
7289,-12
7290,-12
7291,-12
7292,-12
7293,-12
7294,-12
7295,-12
7296,-12
7297,-12
7298,-12
7299,-12
7300,-12
7301,-12
7302,-12
7303,-12
7304,-12
7305,-12
7306,-12
7307,-12
7308,-12
7309,-12
7310,-12
7311,-12
7312,-12
7313,-12
7314,-12
7315,-12
7316,-12
7317,-12
7318,-12
7319,-12
7320,-12
7321,-12
7322,-12
7323,-12
7324,-12
7325,-12
7326,-12
7327,-12
7328,-12
7329,-12
7330,-12
7331,-12
7332,-12
7333,-12
7334,-12
7335,-12
7336,-12
7337,-12
7338,-12
7339,-12
7340,-12
7341,-12
7342,-12
7343,-12
7344,-12
7345,-12
7346,-12
7347,-12
7348,-12
7349,-12
7350,-12
7351,-12
7352,-12
7353,-12
7354,-12
7355,-12
7356,-12
7357,-12
7358,-12
7359,-12
7360,-12
7361,-12
7362,-12
7363,-12
7364,-12
7365,-12
7366,-12
7367,-12
7368,-12
7369,-12
7370,-12
7371,-12
7372,-12
7373,-12
7374,-12
7375,-12
7376,-12
7377,-12
7378,-12
7379,-12
7380,-12
7381,-12
7382,-12
7383,-12
7384,-12
7385,-12
7386,-12
7387,-12
7388,-12
7389,-12
7390,-12
7391,-12
7392,-12
7393,-12
7394,-12
7395,-12
7396,-12
7397,-12
7398,-12
7399,-12
7400,-12
7401,-12
7402,-12
7403,-12
7404,-12
7405,-12
7406,-12
7407,-12
7408,-12
7409,-12
7410,-12
7411,-12
7412,-12
7413,-12
7414,-12
7415,-12
7416,-12
7417,-12
7418,-12
7419,-12
7420,-12
7421,-12
7422,-12
7423,-12
7424,-12
7425,-12
7426,-12
7427,-12
7428,-12
7429,-12
7430,-12
7431,-12
7432,-12
7433,-12
7434,-12
7435,-12
7436,-12
7437,-12
7438,-12
7439,-12
7440,-12
7441,-12
7442,-12
7443,-12
7444,-12
7445,-12
7446,-12
7447,-12
7448,-12
7449,-12
7450,-12
7451,-12
7452,-12
7453,-12
7454,-12
7455,-12
7456,-12
7457,-12
7458,-12
7459,-12
7460,-12
7461,-12
7462,-12
7463,-12
7464,-12
7465,-12
7466,-12
7467,-12
7468,-12
7469,-12
7470,-12
7471,-12
7472,-12
7473,-12
7474,-12
7475,-12
7476,-12
7477,-12
7478,-12
7479,-12
7480,-12
7481,-12
7482,-12
7483,-12
7484,-12
7485,-12
7486,-12
7487,-12
7488,-12
7489,-12
7490,-12
7491,-12
7492,-12
7493,-12
7494,-12
7495,-12
7496,-12
7497,-12
7498,-12
7499,-12
7500,-12
7501,-12
7502,-12
7503,-12
7504,-12
7505,-12
7506,-12
7507,-12
7508,-12
7509,-12
7510,-12
7511,-12
7512,-12
7513,-12
7514,-12
7515,-12
7516,-12
7517,-12
7518,-12
7519,-12
7520,-12
7521,-12
7522,-12
7523,-12
7524,-12
7525,-12
7526,-12
7527,-12
7528,-12
7529,-12
7530,-12
7531,-12
7532,-12
7533,-12
7534,-12
7535,-12
7536,-12
7537,-12
7538,-12
7539,-12
7540,-12
7541,-12
7542,-12
7543,-12
7544,-12
7545,-12
7546,-12
7547,-12
7548,-12
7549,-12
7550,-12
7551,-12
7552,-12
7553,-12
7554,-12
7555,-12
7556,-12
7557,-12
7558,-12
7559,-12
7560,-12
7561,-12
7562,-12
7563,-12
7564,-12
7565,-12
7566,-12
7567,-12
7568,-12
7569,-12
7570,-12
7571,-12
7572,-12
7573,-12
7574,-12
7575,-12
7576,-12
7577,-12
7578,-12
7579,-12
7580,-12
7581,-12
7582,-12
7583,-12
7584,-12
7585,-12
7586,-12
7587,-12
7588,-12
7589,-12
7590,-12
7591,-12
7592,-12
7593,-12
7594,-12
7595,-12
7596,-12
7597,-12
7598,-12
7599,-12
7600,-12
7601,-12
7602,-12
7603,-12
7604,-12
7605,-12
7606,-12
7607,-12
7608,-12
7609,-12
7610,-12
7611,-12
7612,-12
7613,-12
7614,-12
7615,-12
7616,-12
7617,-12
7618,-12
7619,-12
7620,-12
7621,-12
7622,-12
7623,-12
7624,-12
7625,-12
7626,-12
7627,-12
7628,-12
7629,-12
7630,-12
7631,-12
7632,-12
7633,-12
7634,-12
7635,-12
7636,-12
7637,-12
7638,-12
7639,-12
7640,-12
7641,-12
7642,-12
7643,-12
7644,-12
7645,-12
7646,-12
7647,-12
7648,-12
7649,-12
7650,-12
7651,-12
7652,-12
7653,-12
7654,-12
7655,-12
7656,-12
7657,-12
7658,-12
7659,-12
7660,-12
7661,-12
7662,-12
7663,-12
7664,-12
7665,-12
7666,-12
7667,-12
7668,-12
7669,-12
7670,-12
7671,-12
7672,-12
7673,-12
7674,-12
7675,-12
7676,-12
7677,-12
7678,-12
7679,-12
7680,-12
7681,-12
7682,-12
7683,-12
7684,-12
7685,-12
7686,-12
7687,-12
7688,-12
7689,-12
7690,-12
7691,-12
7692,-12
7693,-12
7694,-12
7695,-12
7696,-12
7697,-12
7698,-12
7699,-12
7700,-12
7701,-12
7702,-12
7703,-12
7704,-12
7705,-12
7706,-12
7707,-12
7708,-12
7709,-12
7710,-12
7711,-12
7712,-12
7713,-12
7714,-12
7715,-12
7716,-12
7717,-12
7718,-12
7719,-12
7720,-12
7721,-12
7722,-12
7723,-12
7724,-12
7725,-12
7726,-12
7727,-12
7728,-12
7729,-12
7730,-12
7731,-12
7732,-12
7733,-12
7734,-12
7735,-12
7736,-12
7737,-12
7738,-12
7739,-12
7740,-12
7741,-12
7742,-12
7743,-12
7744,-12
7745,-12
7746,-12
7747,-12
7748,-12
7749,-12
7750,-12
7751,-12
7752,-12
7753,-1
7754,-12
7755,-12
7756,-12
7757,-12
7758,-12
7759,-12
7760,-12
7761,-12
7762,-12
7763,-12
7764,-12
7765,-12
7766,-12
7767,-12
7768,-12
7769,-12
7770,-12
7771,-12
7772,-12
7773,-12
7774,-12
7775,-12
7776,-12
7777,-12
7778,-12
7779,-12
7780,-12
7781,-12
7782,-12
7783,-12
7784,-12
7785,-12
7786,-12
7787,-12
7788,-12
7789,-12
7790,-12
7791,-12
7792,-12
7793,-12
7794,-12
7795,-12
7796,-12
7797,-12
7798,-12
7799,-12
7800,-12
7801,-12
7802,-12
7803,-12
7804,-12
7805,-12
7806,-12
7807,-12
7808,-12
7809,-12
7810,-12
7811,-12
7812,-12
7813,-12
7814,-12
7815,-12
7816,-12
7817,-12
7818,-12
7819,-12
7820,-12
7821,-12
7822,-12
7823,-12
7824,-12
7825,-12
7826,-12
7827,-12
7828,-12
7829,-12
7830,-12
7831,-12
7832,-12
7833,-12
7834,-12
7835,-12
7836,-12
7837,-12
7838,-12
7839,-12
7840,-12
7841,-12
7842,-12
7843,-12
7844,-12
7845,-12
7846,-12
7847,-12
7848,-12
7849,-12
7850,-12
7851,-12
7852,-12
7853,-12
7854,-12
7855,-12
7856,-12
7857,-12
7858,-12
7859,-12
7860,-12
7861,-12
7862,-12
7863,-12
7864,-12
7865,-12
7866,-12
7867,-12
7868,-12
7869,-12
7870,-12
7871,-12
7872,-12
7873,-12
7874,-12
7875,-12
7876,-12
7877,-12
7878,-12
7879,-12
7880,-12
7881,-12
7882,-12
7883,-12
7884,-12
7885,-12
7886,-12
7887,-12
7888,-12
7889,-12
7890,-12
7891,-12
7892,-12
7893,-12
7894,-12
7895,-12
7896,-12
7897,-12
7898,-12
7899,-12
7900,-12
7901,-12
7902,-12
7903,-12
7904,-12
7905,-12
7906,-12
7907,-12
7908,-12
7909,-12
7910,-12
7911,-12
7912,-12
7913,-12
7914,-12
7915,-12
7916,-12
7917,-12
7918,-12
7919,-12
7920,-12
7921,-12
7922,-12
7923,-12
7924,-12
7925,-12
7926,-12
7927,-12
7928,-12
7929,-12
7930,-12
7931,-12
7932,-12
7933,-12
7934,-12
7935,-12
7936,-12
7937,-12
7938,-12
7939,-12
7940,-12
7941,-12
7942,-12
7943,-12
7944,-12
7945,-12
7946,-12
7947,-12
7948,-12
7949,-12
7950,-12
7951,-12
7952,-12
7953,-12
7954,-12
7955,-12
7956,-12
7957,-12
7958,-12
7959,-12
7960,-12
7961,-12
7962,-12
7963,-12
7964,-12
7965,-12
7966,-12
7967,-12
7968,-12
7969,-12
7970,-12
7971,-12
7972,-12
7973,-12
7974,-12
7975,-12
7976,-12
7977,-12
7978,-12
7979,-12
7980,-12
7981,-12
7982,-12
7983,-12
7984,-12
7985,-12
7986,-12
7987,-12
7988,-12
7989,-12
7990,-12
7991,-12
7992,-12
7993,-12
7994,-12
7995,-12
7996,-12
7997,-12
7998,-12
7999,-12
8000,-12
8001,-12
8002,-12
8003,-12
8004,-12
8005,-12
8006,-12
8007,-12
8008,-12
8009,-12
8010,-12
8011,-12
8012,-12
8013,-12
8014,-12
8015,-12
8016,-12
8017,-12
8018,-12
8019,-12
8020,-12
8021,-12
8022,-12
8023,-12
8024,-12
8025,-12
8026,-12
8027,-12
8028,-12
8029,-12
8030,-12
8031,-12
8032,-12
8033,-12
8034,-12
8035,-12
8036,-12
8037,-12
8038,-12
8039,-12
8040,-12
8041,-12
8042,-12
8043,-12
8044,-12
8045,-12
8046,-12
8047,-12
8048,-12
8049,-12
8050,-12
8051,-12
8052,-12
8053,-12
8054,-12
8055,-12
8056,-12
8057,-12
8058,-12
8059,-12
8060,-12
8061,-12
8062,-12
8063,-12
8064,-12
